Title,Total Price (PLN),Price per SQM (PLN),Rooms,Area (SQM),URL
"Przytulne, słoneczne 2 pokoje na Gocławiu – inwestycja Nordic Living",890000,19690,2,45.2,https://www.otodom.pl/pl/oferta/przytulne-sloneczne-2-pokoje-na-goclawiu-inwestycja-nordic-living-ID4AY2w
Towarowa Square | 2 pokoje | 45.08 m2,2118760,47000,2,45.08,https://www.otodom.pl/pl/oferta/towarowa-square-2-pokoje-45-08-m2-ID4BLTT
2 POKOJE | KAMIENICA | GARDEROBA | KLIMATYZACJA | BIELANY,973000,24949,2,39,https://www.otodom.pl/pl/oferta/2-pokoje-kamienica-garderoba-klimatyzacja-bielany-ID4BLsm
2-pokojowe mieszkanie 38m2 + loggia,859000,22516,2,38.15,https://www.otodom.pl/pl/oferta/2-pokojowe-mieszkanie-38m2-loggia-ID4xuNx
✨Na start | Eko osiedle✨| Balkon | Blisko Natury ✨,521000,14372,2,36.25,https://www.otodom.pl/pl/oferta/na-start-eko-osiedle-balkon-blisko-natury-ID4BNyv
"Śródmieście | 37,5 m² | Balkon +widok na PKiN – idealne dla ciebie",699000,18640,2,37.5,https://www.otodom.pl/pl/oferta/srodmiescie-37-5-m-balkon-widok-na-pkin-idealne-dla-ciebie-ID4BNyt
2-pokojowe mieszkanie 42m2 + ogródek Bez Prowizji,770000,18054,2,42.65,https://www.otodom.pl/pl/oferta/2-pokojowe-mieszkanie-42m2-ogrodek-bez-prowizji-ID4umfV
2-pokojowe mieszkanie 41m2 + ogródek Bez Prowizji,990000,23844,2,41.52,https://www.otodom.pl/pl/oferta/2-pokojowe-mieszkanie-41m2-ogrodek-bez-prowizji-ID4uoeV
"Narożne mieszkanie w nowym, luksusowym budynku - sprzedaż prywatna",919000,21372,2,43,https://www.otodom.pl/pl/oferta/narozne-mieszkanie-w-nowym-luksusowym-budynku-sprzedaz-prywatna-ID4BHtQ
Wyjątkowy apartament | widok na Tor Służewiec,2750000,25000,4,110,https://www.otodom.pl/pl/oferta/wyjatkowy-apartament-widok-na-tor-sluzewiec-ID4BocD
Przestronne | samo centrum | z potencjałem,979999,21778,2,45,https://www.otodom.pl/pl/oferta/przestronne-samo-centrum-z-potencjalem-ID4BNyl
"Taras 12m2 od poludnia, ostatnie piętro 10min do Metra Promocja",567360,14374,2,39.47,https://www.otodom.pl/pl/oferta/taras-12m2-od-poludnia-ostatnie-pietro-10min-do-metra-promocja-ID4BNyk
"Ciche, dwustronne 4 pokoje 120 m2,  2 x garaż",1950000,16250,4,120,https://www.otodom.pl/pl/oferta/ciche-dwustronne-4-pokoje-120-m2-2-x-garaz-ID4B5w2
"3 pokoje przy parku, Sadyba, loggia, ciche, widna kuchnia",799000,16174,3,49.4,https://www.otodom.pl/pl/oferta/3-pokoje-przy-parku-sadyba-loggia-ciche-widna-kuchnia-ID4BmMt
"Powiśle | Nowoczesna kawalerka z balkonem I 35,5 m",745000,20986,1,35.5,https://www.otodom.pl/pl/oferta/powisle-nowoczesna-kawalerka-z-balkonem-i-35-5-m-ID4BNy0
3 pokoje przy Złotych Tarasach,914000,19987,3,45.73,https://www.otodom.pl/pl/oferta/3-pokoje-przy-zlotych-tarasach-ID4BsVn
Bulwary Praskie,N/A,N/A,N/A,N/A,https://www.otodom.pl/pl/oferta/bulwary-praskie-ID4umS4
3-pokojowe mieszkanie 58m2 + loggia Bezpośrednio,1246336,21396,3,58.25,https://www.otodom.pl/pl/oferta/3-pokojowe-mieszkanie-58m2-loggia-bezposrednio-ID4umVP
2-pokojowe mieszkanie 58m2 + loggia,1312200,22496,2,58.33,https://www.otodom.pl/pl/oferta/2-pokojowe-mieszkanie-58m2-loggia-ID4umX2
Przestronny apartament w Śródmieściu • 125 m² • ul. Oboźna 9,5350000,42800,3,125,https://www.otodom.pl/pl/oferta/przestronny-apartament-w-srodmiesciu-125-m-ul-obozna-9-ID4BNxN
Nowe 2 pokoje 32 m2 ul. Kolejowa gotowe do odbioru,775000,24433,2,31.72,https://www.otodom.pl/pl/oferta/nowe-2-pokoje-32-m2-ul-kolejowa-gotowe-do-odbioru-ID4AYTZ
2-pokojowe mieszkanie 38m2 + loggia Bezpośrednio,697427,18101,2,38.53,https://www.otodom.pl/pl/oferta/2-pokojowe-mieszkanie-38m2-loggia-bezposrednio-ID4vrPY
1-pokojowe mieszkanie 27m2 + ogródek Bezpośrednio,522500,18911,1,27.63,https://www.otodom.pl/pl/oferta/1-pokojowe-mieszkanie-27m2-ogrodek-bezposrednio-ID4umD7
2-pokojowe mieszkanie 39m2 + balkon Bezpośrednio,645489,16186,2,39.88,https://www.otodom.pl/pl/oferta/2-pokojowe-mieszkanie-39m2-balkon-bezposrednio-ID4umL1
1-pokojowe mieszkanie 26m2 + balkon Bez Prowizji,N/A,N/A,1,26.98,https://www.otodom.pl/pl/oferta/1-pokojowe-mieszkanie-26m2-balkon-bez-prowizji-ID4AQ98
Zakątek Harmonia,N/A,N/A,N/A,N/A,https://www.otodom.pl/pl/oferta/zakatek-harmonia-ID4yHIf
5-pokojowe mieszkanie 106m2 + ogródek,1212036,11428,5,106.06,https://www.otodom.pl/pl/oferta/5-pokojowe-mieszkanie-106m2-ogrodek-ID4yHON
4-pokojowe mieszkanie 72m2 + taras Bez Prowizji,917669,12611,4,72.77,https://www.otodom.pl/pl/oferta/4-pokojowe-mieszkanie-72m2-taras-bez-prowizji-ID4yHNd
2-pokojowe mieszkanie 49m2 + ogródek Bez Prowizji,609474,12358,2,49.32,https://www.otodom.pl/pl/oferta/2-pokojowe-mieszkanie-49m2-ogrodek-bez-prowizji-ID4yHMc
3-pokojowe mieszkanie 58m2 + loggia,739179,12638,3,58.49,https://www.otodom.pl/pl/oferta/3-pokojowe-mieszkanie-58m2-loggia-ID4yHMl
Enso Wilanów,N/A,N/A,N/A,N/A,https://www.otodom.pl/pl/oferta/enso-wilanow-ID4ub4y
4-pokojowe mieszkanie 93m2 + balkon,1821816,19441,4,93.71,https://www.otodom.pl/pl/oferta/4-pokojowe-mieszkanie-93m2-balkon-ID4vIyf
2-pokojowe mieszkanie 46m2 + loggia Bezpośrednio,954054,20691,2,46.11,https://www.otodom.pl/pl/oferta/2-pokojowe-mieszkanie-46m2-loggia-bezposrednio-ID4vIy4
"Unikat! 2 pokoje, 31m2, metro Słodowiec, klima,niski czynsz,wykończone",740000,23871,2,31,https://www.otodom.pl/pl/oferta/unikat-2-pokoje-31m2-metro-slodowiec-klima-niski-czynsz-wykonczone-ID4Bdwi
"3- pokojowe mieszkanie, zielona okolica, własność",498000,10756,3,46.3,https://www.otodom.pl/pl/oferta/3-pokojowe-mieszkanie-zielona-okolica-wlasnosc-ID4BNxG
3 pokoje | 54m2 | 754.000 zł | 13.962 zł/m2,754000,13922,3,54.16,https://www.otodom.pl/pl/oferta/3-pokoje-54m2-754-000-zl-13-962-zl-m2-ID4BNxF
Nowe 2 pokoje + GARAŻ/BOKS + 20min Centrum!_ Umów Spotkanie i ZOBACZ,540800,13520,2,40,https://www.otodom.pl/pl/oferta/nowe-2-pokoje-garaz-boks-20min-centrum-umow-spotkanie-i-zobacz-ID4BNxB
3 ciche Pok po Remoncie|8 min Metro Ratusz Arsenał,970000,18654,3,52,https://www.otodom.pl/pl/oferta/3-ciche-pok-po-remoncie-8-min-metro-ratusz-arsenal-ID4Bvou
Apartament w sercu miasta | taras | metro,1515000,24048,3,63,https://www.otodom.pl/pl/oferta/apartament-w-sercu-miasta-taras-metro-ID4BDUc
Jednopoziomowy apartament 226 m2 na Ursynowie,3790000,16743,5,226.37,https://www.otodom.pl/pl/oferta/jednopoziomowy-apartament-226-m2-na-ursynowie-ID4AaDw
"[REALNE ZDJĘCIA] 600m od metra Marymont, Sady Żoliborskie",849000,18867,2,45,https://www.otodom.pl/pl/oferta/realne-zdjecia-600m-od-metra-marymont-sady-zoliborskie-ID4Af0Y
Nowe 2 Pokoje +20min do Centrum+ GARAŻ/BOKS+UMÓW DNI OTWARTE -->TERAZ,454000,13758,2,33,https://www.otodom.pl/pl/oferta/nowe-2-pokoje-20min-do-centrum-garaz-boks-umow-dni-otwarte-teraz-ID4BNxq
2-pokojowe mieszkanie 38m2 + loggia,859000,22516,2,38.15,https://www.otodom.pl/hpr/pl/oferta/2-pokojowe-mieszkanie-38m2-loggia-ID4xuNx
Mieszkanie 3-pokojowe w Mokotowie z balkonem,1840000,20000,3,92,https://www.otodom.pl/pl/oferta/mieszkanie-3-pokojowe-w-mokotowie-z-balkonem-ID4BHGK
90m2*3 pokoje*sufit 3m*Osiedle Ażurowych Okiennic,1800000,20112,3,89.5,https://www.otodom.pl/pl/oferta/90m23-pokojesufit-3mosiedle-azurowych-okiennic-ID4BGzi
"⁠Kawalerka 32,5m2, osobna kuchnia. Mokotów, ul. Iwicka. Bezpośrednio",579000,17815,1,32.5,https://www.otodom.pl/pl/oferta/kawalerka-32-5m2-osobna-kuchnia-mokotow-ul-iwicka-bezposrednio-ID4BE7b
"3 pokoje | kamienica | Nowe Miasto, Warszawa",980000,20000,3,49,https://www.otodom.pl/pl/oferta/3-pokoje-kamienica-nowe-miasto-warszawa-ID4BMtX
Nowa Kawalerka_ IDEALNA POD INWESTYCJĘ!_ 20min Centrum_ Dni Otwarte,367000,14115,1,26,https://www.otodom.pl/pl/oferta/nowa-kawalerka-idealna-pod-inwestycje-20min-centrum-dni-otwarte-ID4BNxo
Mieszkanie gotowe | świetna lokalizacja | parking,815000,16979,3,48,https://www.otodom.pl/pl/oferta/mieszkanie-gotowe-swietna-lokalizacja-parking-ID4zgsY
Przestronne | garaż i komórka | wysoki standard,1896540,21900,3,86.6,https://www.otodom.pl/pl/oferta/przestronne-garaz-i-komorka-wysoki-standard-ID4AIoF
1-pokojowe mieszkanie 34m2 + ogródek,N/A,N/A,1,34.67,https://www.otodom.pl/pl/oferta/1-pokojowe-mieszkanie-34m2-ogrodek-ID4AJbe
Wysokie na 3 metry loftowe 2 pokoje przy WUM w sercu Ochoty,679000,18861,2,36,https://www.otodom.pl/pl/oferta/wysokie-na-3-metry-loftowe-2-pokoje-przy-wum-w-sercu-ochoty-ID4BNx2
Urokliwe wnętrze | kamienica | Stare Miasto,950000,24554,1,38.69,https://www.otodom.pl/pl/oferta/urokliwe-wnetrze-kamienica-stare-miasto-ID4BnzX
nowoczesne mieszkanie | jasne wnętrze | garaż,1190000,20877,2,57,https://www.otodom.pl/pl/oferta/nowoczesne-mieszkanie-jasne-wnetrze-garaz-ID4Btcf
"Przytulne mieszkanie 35,6 m2 z możliwością wydzielenia sypialni Bemowo",580000,16292,1,35.6,https://www.otodom.pl/pl/oferta/przytulne-mieszkanie-35-6-m2-z-mozliwoscia-wydzielenia-sypialni-bemowo-ID4BNvT
Wilanów|3 pokoje |Prywatność i widok|Blisko szkoły|2 miejsca postojowe,1472600,19900,3,74,https://www.otodom.pl/pl/oferta/wilanow-3-pokoje-prywatnosc-i-widok-blisko-szkoly-2-miejsca-postojowe-ID4BnnI
Gotowe| 2 pok.| parking,614000,15123,2,40.6,https://www.otodom.pl/pl/oferta/gotowe-2-pok-parking-ID4yKUt
"Wykończone studio 26 m2 Herbu Oksza, gotowe",499000,19569,1,25.5,https://www.otodom.pl/pl/oferta/wykonczone-studio-26-m2-herbu-oksza-gotowe-ID4xBZu
Gotowe dwupokojowe mieszkanie,628000,16509,2,38.04,https://www.otodom.pl/pl/oferta/gotowe-dwupokojowe-mieszkanie-ID4BEih
Mieszkanie 3-pokojowe 57m2 200M od metra KUPUJĄCY NIE PŁACI PROWIZJI !,820000,14475,3,56.65,https://www.otodom.pl/pl/oferta/mieszkanie-3-pokojowe-57m2-200m-od-metra-kupujacy-nie-placi-prowizji-ID4BnnB
Mokotów al. Wilanowska⭐2 pokoje+ duży zabudowany balkon // METRO 850m,715000,16418,2,43.55,https://www.otodom.pl/pl/oferta/mokotow-al-wilanowska2-pokoje-duzy-zabudowany-balkon-metro-850m-ID4BNvK
Dwustronny apartament z sypialnią MASTER i prywatnym ogródkiem!,1330210,15500,5,85.82,https://www.otodom.pl/pl/oferta/dwustronny-apartament-z-sypialnia-master-i-prywatnym-ogrodkiem-ID4BNvn
SASKA KĘPA | Jasne 2 pokoje | Balkon | Duża kuchnia | Bez prowizji,795000,15288,2,52,https://www.otodom.pl/pl/oferta/saska-kepa-jasne-2-pokoje-balkon-duza-kuchnia-bez-prowizji-ID4BHr3
"✅Ładne, 4-pokojowe mieszkanie w kamienicy✅",1590000,14215,4,111.85,https://www.otodom.pl/pl/oferta/ladne-4-pokojowe-mieszkanie-w-kamienicy-ID4BNvj
Apartament z ogródkiem | 3m Wysokości | Bez PCC,1270000,18992,2,66.87,https://www.otodom.pl/pl/oferta/apartament-z-ogrodkiem-3m-wysokosci-bez-pcc-ID4BNvg
2-pokojowe mieszkanie 41m2 Bezpośrednio,906586,21930,2,41.34,https://www.otodom.pl/pl/oferta/2-pokojowe-mieszkanie-41m2-bezposrednio-ID4BNve
"2 pokoje plus widna kuchnia, odnowiony budynek",655000,13612,2,48.12,https://www.otodom.pl/pl/oferta/2-pokoje-plus-widna-kuchnia-odnowiony-budynek-ID4BNv9
Nowe Wykończone 2-pok 7min do CH Targówek 12min do Metra Bez Wkladu,500924,14440,2,34.69,https://www.otodom.pl/pl/oferta/nowe-wykonczone-2-pok-7min-do-ch-targowek-12min-do-metra-bez-wkladu-ID4BNva
"Super lokalizacja, piękne osiedla, pełna infrastruktura wokół!",1165318,16100,4,72.38,https://www.otodom.pl/pl/oferta/super-lokalizacja-piekne-osiedla-pelna-infrastruktura-wokol-ID4BNv2
Wyjątkowe mieszkanie na Powiślu przy Metrze,863000,23972,2,36,https://www.otodom.pl/pl/oferta/wyjatkowe-mieszkanie-na-powislu-przy-metrze-ID4BudR
!!Super Promocja !! Bez Prowizji 0% !! Bezpośrednio !! Umeblowane !!,1255000,18827,3,66.66,https://www.otodom.pl/pl/oferta/super-promocja-bez-prowizji-0-bezposrednio-umeblowane-ID4BJhn
NOVA JEZIOROWA 2,N/A,N/A,N/A,N/A,https://www.otodom.pl/pl/oferta/nova-jeziorowa-2-ID4AqqY
Mieszkanie 80 m2  z garażem na dwa samochody,898924,11163,4,80.53,https://www.otodom.pl/pl/oferta/mieszkanie-80-m2-z-garazem-na-dwa-samochody-ID4BpN8
Mieszkanie 70 m.kw. z garażem i ogrodem,928144,13199,4,70.32,https://www.otodom.pl/pl/oferta/mieszkanie-70-m-kw-z-garazem-i-ogrodem-ID4Ar65
Świetna lokalizacja i cena - okazja! Zapraszam na spotkanie!,893940,15850,3,56.4,https://www.otodom.pl/pl/oferta/swietna-lokalizacja-i-cena-okazja-zapraszam-na-spotkanie-ID4BNwP
4-pokojowe mieszkanie 87m2 + balkon,1684093,19227,4,87.59,https://www.otodom.pl/pl/oferta/4-pokojowe-mieszkanie-87m2-balkon-ID4xorC
"Nowe możliwe 2 pokoje, 28 m2 oddane ul. Wołoska",694999,24973,2,27.83,https://www.otodom.pl/pl/oferta/nowe-mozliwe-2-pokoje-28-m2-oddane-ul-woloska-ID4AwE5
Warszawa-Wilanów-54m2-ul.Sarmacka,1065000,19722,2,54,https://www.otodom.pl/pl/oferta/warszawa-wilanow-54m2-ul-sarmacka-ID4BHhb
Miejsce postojowe gratis | Gotowe do zamieszkania,650000,17808,2,36.5,https://www.otodom.pl/pl/oferta/miejsce-postojowe-gratis-gotowe-do-zamieszkania-ID4BNw2
Aura sky / duża loggia / świetna lokalizacja /nowe,665000,18924,1,35.14,https://www.otodom.pl/pl/oferta/aura-sky-duza-loggia-swietna-lokalizacja-nowe-ID4BNuY
Apartamentowiec 2020 r. | Loggia | MP i komórka,929999,18600,2,50,https://www.otodom.pl/pl/oferta/apartamentowiec-2020-r-loggia-mp-i-komorka-ID4BBcU
1-pokojowe mieszkanie 30m2 + ogródek Bezpośrednio,601894,19625,1,30.67,https://www.otodom.pl/pl/oferta/1-pokojowe-mieszkanie-30m2-ogrodek-bezposrednio-ID4B7pG
Kawalerka | Gotowa do wprowadzenia się | Wola,490000,19208,1,25.51,https://www.otodom.pl/pl/oferta/kawalerka-gotowa-do-wprowadzenia-sie-wola-ID4BNuC
"3 pokoje | kamienica | Nowe Miasto, Warszawa",980000,20000,3,49,https://www.otodom.pl/hpr/pl/oferta/3-pokoje-kamienica-nowe-miasto-warszawa-ID4BMtX
BEZPOŚREDNIO. Po remoncie 51m2 Dolny Mokotów. 2 pokoje z kuchnią,1000090,19726,2,50.7,https://www.otodom.pl/pl/oferta/bezposrednio-po-remoncie-51m2-dolny-mokotow-2-pokoje-z-kuchnia-ID4BNpk
Apartament 186m2 w zrewitalizowanej kamienicy przy Koszykach FRONT,4550000,24462,6,186,https://www.otodom.pl/pl/oferta/apartament-186m2-w-zrewitalizowanej-kamienicy-przy-koszykach-front-ID4AiRC
3-pokojowe mieszkanie 61m2 + balkon,984390,16103,3,61.13,https://www.otodom.pl/pl/oferta/3-pokojowe-mieszkanie-61m2-balkon-ID4up41
Mieszkanie 70 m.kw. z garażem i ogrodem,928144,13199,4,70.32,https://www.otodom.pl/pl/oferta/mieszkanie-70-m-kw-z-garazem-i-ogrodem-ID4Ar65
Aura sky / duża loggia / świetna lokalizacja /nowe,665000,18924,1,35.14,https://www.otodom.pl/pl/oferta/aura-sky-duza-loggia-swietna-lokalizacja-nowe-ID4BNuY
Apartamentowiec 2020 r. | Loggia | MP i komórka,929999,18600,2,50,https://www.otodom.pl/pl/oferta/apartamentowiec-2020-r-loggia-mp-i-komorka-ID4BBcU
1-pokojowe mieszkanie 30m2 + ogródek Bezpośrednio,601894,19625,1,30.67,https://www.otodom.pl/pl/oferta/1-pokojowe-mieszkanie-30m2-ogrodek-bezposrednio-ID4B7pG
Kawalerka | Gotowa do wprowadzenia się | Wola,490000,19208,1,25.51,https://www.otodom.pl/pl/oferta/kawalerka-gotowa-do-wprowadzenia-sie-wola-ID4BNuC
Parking w cenie | KW | Bardzo jasne,785000,16702,2,47,https://www.otodom.pl/pl/oferta/parking-w-cenie-kw-bardzo-jasne-ID4BNuy
3-pokoje Promocyjna Cena - 13min do Metra Ostatnie Sztuki Klucze 2026,841635,14384,3,58.51,https://www.otodom.pl/pl/oferta/3-pokoje-promocyjna-cena-13min-do-metra-ostatnie-sztuki-klucze-2026-ID4BFHg
Kawalerka najlepsze ceny na rynku,366900,14112,1,26,https://www.otodom.pl/pl/oferta/kawalerka-najlepsze-ceny-na-rynku-ID4BMdf
Kawalerka po remoncie - bezpośrednio od właściciela,612000,25500,1,24,https://www.otodom.pl/pl/oferta/kawalerka-po-remoncie-bezposrednio-od-wlasciciela-ID4BCTk
Korkowa 146,N/A,N/A,N/A,N/A,https://www.otodom.pl/pl/oferta/korkowa-146-ID4AL91
Korkowa 146 - K1.18,18850740,16500,3,51.56,https://www.otodom.pl/pl/oferta/korkowa-146-k1-18-ID4ALdg
Korkowa 146 - K2.17,17976422,16350,3,59.72,https://www.otodom.pl/pl/oferta/korkowa-146-k2-17-ID4ALdD
"Prywatny OGRÓDEK, bardzo dobra lokalizacja, teraz PROCYJNA CENA!",887120,16150,3,54.93,https://www.otodom.pl/pl/oferta/prywatny-ogrodek-bardzo-dobra-lokalizacja-teraz-procyjna-cena-ID4BNuc
Nowoczesny i cichy apartament 2-pok. z tarasem,1497000,24950,2,60,https://www.otodom.pl/pl/oferta/nowoczesny-i-cichy-apartament-2-pok-z-tarasem-ID4Bi0x
3 pok. z widokiem na panoramę Wa-wy I w pełni umeblowane,849000,15595,3,54.44,https://www.otodom.pl/pl/oferta/3-pok-z-widokiem-na-panorame-wa-wy-i-w-pelni-umeblowane-ID4BDcb
3 pokoje | stan deweloperski | KW | od zaraz,950000,14944,3,63.57,https://www.otodom.pl/pl/oferta/3-pokoje-stan-deweloperski-kw-od-zaraz-ID4ABoN
✨️Apartament Premium | 56 m² Salonu | Komunikacja✨,3414000,24134,5,56,https://www.otodom.pl/pl/oferta/apartament-premium-56-m-salonu-komunikacja-ID4BNu2
✨️Na start | Smart Home ✨| Balkon | Inwestycyjne✨,461000,14072,2,32.76,https://www.otodom.pl/pl/oferta/na-start-smart-home-balkon-inwestycyjne-ID4BNu0
Mieszkanie z widokiem na Pałac Kultury!,680000,18942,2,35.9,https://www.otodom.pl/pl/oferta/mieszkanie-z-widokiem-na-palac-kultury-ID4BNtC
Kawalerka na sprzedaż | Saska Kępa| KW | Niski Budynek |Bezpośrednio,475000,18269,1,26,https://www.otodom.pl/pl/oferta/kawalerka-na-sprzedaz-saska-kepa-kw-niski-budynek-bezposrednio-ID4BDX2
"Eleganckie, na Woli, wysoki standard",1265000,20944,2,60.4,https://www.otodom.pl/pl/oferta/eleganckie-na-woli-wysoki-standard-ID4BDUD
Nowoczesne 4 Pokoje z balkonem | Świetna komunikacja | Bez Prowizji,1049055,14570,4,72,https://www.otodom.pl/pl/oferta/nowoczesne-4-pokoje-z-balkonem-swietna-komunikacja-bez-prowizji-ID4BNtl
"4 pokoje, 2 balkony, 2 łazienki!",1666000,19993,4,83.33,https://www.otodom.pl/pl/oferta/4-pokoje-2-balkony-2-lazienki-ID4BHF2
"Unikatowe studio w stylu loftowym, samo centrum Wa",569000,28030,1,20.3,https://www.otodom.pl/pl/oferta/unikatowe-studio-w-stylu-loftowym-samo-centrum-wa-ID4BJZx
3 pokoje przy Łazienkach Królewskich,1299000,20202,3,64.3,https://www.otodom.pl/pl/oferta/3-pokoje-przy-lazienkach-krolewskich-ID4BHpL
"Nowy apartament w nowym budynku, garaż, concierge",2450000,37577,3,65.2,https://www.otodom.pl/pl/oferta/nowy-apartament-w-nowym-budynku-garaz-concierge-ID4Bhxi
"3 pokoje na ostatnim piętrze, Royal Park Wilanów",1590000,25567,3,62.19,https://www.otodom.pl/pl/oferta/3-pokoje-na-ostatnim-pietrze-royal-park-wilanow-ID4BlZ0
Praga Płd I 2 pokoje | Balkon | Umeblowane | 0% PROWIZJI,959720,20800,2,46.14,https://www.otodom.pl/pl/oferta/praga-pld-i-2-pokoje-balkon-umeblowane-0-prowizji-ID4BNt7
Nowoczesne 2 Pokoje z balkonem | Świetna komunikacja | Bez Prowizji,830000,15091,2,55,https://www.otodom.pl/pl/oferta/nowoczesne-2-pokoje-z-balkonem-swietna-komunikacja-bez-prowizji-ID4BNt4
"!! Taras 32,60 m2, Bez Prowizji0%, Bezpośrednio, Ostatnie piętro !!",2100000,24564,4,85.49,https://www.otodom.pl/pl/oferta/taras-32-60-m2-bez-prowizji0-bezposrednio-ostatnie-pietro-ID4BKqw
Słoneczne 2 pokoje blisko tramwaju i SKM | Do Centrum w 15 min!,642500,16474,2,39,https://www.otodom.pl/pl/oferta/sloneczne-2-pokoje-blisko-tramwaju-i-skm-do-centrum-w-15-min-ID4BNsS
Słoneczne 2 pokoje blisko tramwaju i SKM | Do Centrum w 15 min!,575000,16912,2,34,https://www.otodom.pl/pl/oferta/sloneczne-2-pokoje-blisko-tramwaju-i-skm-do-centrum-w-15-min-ID4BNss
PROMOCJE na Dni otwarte blisko METRO Karolin + Hala Garażowa,837828,13964,4,60,https://www.otodom.pl/pl/oferta/promocje-na-dni-otwarte-blisko-metro-karolin-hala-garazowa-ID4BNs4
Osiedle juu,N/A,N/A,N/A,N/A,https://www.otodom.pl/pl/oferta/osiedle-juu-ID4ui2m
4-pokojowe mieszkanie 71m2 + 3 balkony,1005839,14050,4,71.59,https://www.otodom.pl/pl/oferta/4-pokojowe-mieszkanie-71m2-3-balkony-ID4uiHY
3-pokojowe mieszkanie 56m2 + balkon Bezpośrednio,846320,14900,3,56.8,https://www.otodom.pl/pl/oferta/3-pokojowe-mieszkanie-56m2-balkon-bezposrednio-ID4uiHw
1-pokojowe mieszkanie 29m2 + balkon Bezpośrednio,516292,17250,1,29.93,https://www.otodom.pl/pl/oferta/1-pokojowe-mieszkanie-29m2-balkon-bezposrednio-ID4uiIc
2-pokojowe mieszkanie 44m2 + balkon,755664,16800,2,44.98,https://www.otodom.pl/pl/oferta/2-pokojowe-mieszkanie-44m2-balkon-ID4uiIL
Mieszkanie 70 m.kw. z garażem i ogrodem,928144,13199,4,70.32,https://www.otodom.pl/hpr/pl/oferta/mieszkanie-70-m-kw-z-garazem-i-ogrodem-ID4Ar65
Mieszkanie 3pok na Muranowie! Gotowe na wynajem. Doskonała lokalizacja,849000,17999,3,47.17,https://www.otodom.pl/pl/oferta/mieszkanie-3pok-na-muranowie-gotowe-na-wynajem-doskonala-lokalizacja-ID4AQEE
"APARTAMENT, DO KTÓREGO WCHODZISZ Z WALIZKĄ I PO PROSTU ZACZYNASZ ŻYĆ",1275000,28977,3,44,https://www.otodom.pl/pl/oferta/apartament-do-ktorego-wchodzisz-z-walizka-i-po-prostu-zaczynasz-zyc-ID4BCGl
"Rakowska 16, 2 pokoje na sprzedaż",779000,18180,2,42.85,https://www.otodom.pl/pl/oferta/rakowska-16-2-pokoje-na-sprzedaz-ID4nNXw
Ostatnie kawalerki Blisko METRO Karolin ☎️ Umów się na dni otwarte,463591,17279,1,26.83,https://www.otodom.pl/pl/oferta/ostatnie-kawalerki-blisko-metro-karolin-umow-sie-na-dni-otwarte-ID4BNs0
Gotowe  - odlotowe  2 pokojowe z balkonem,830763,20023,2,41.49,https://www.otodom.pl/pl/oferta/gotowe-odlotowe-2-pokojowe-z-balkonem-ID4B0Hw
Świetny układ mieszkania - 3/4 pokoje w TOP lokalizacji przy tramwaju!,763733,12123,4,63,https://www.otodom.pl/pl/oferta/swietny-uklad-mieszkania-3-4-pokoje-w-top-lokalizacji-przy-tramwaju-ID4BNrX
Ostatnie 3pok+GARAŻ Blisko METRO Karolin ☎️ Umów się na dni otwarte,702668,14584,3,48.18,https://www.otodom.pl/pl/oferta/ostatnie-3pok-garaz-blisko-metro-karolin-umow-sie-na-dni-otwarte-ID4BNrO
PROMOCJE na Dni otwarte blisko METRO WIerzbno + Hala Garażowa,1504260,18457,4,81.5,https://www.otodom.pl/pl/oferta/promocje-na-dni-otwarte-blisko-metro-wierzbno-hala-garazowa-ID4BNrv
Broniewskiego niski budynek,729000,15188,3,48,https://www.otodom.pl/pl/oferta/broniewskiego-niski-budynek-ID4BNru
Służew | 3 pok | Ciche | Inwestycja | Od zaraz,640000,14128,3,45.3,https://www.otodom.pl/pl/oferta/sluzew-3-pok-ciche-inwestycja-od-zaraz-ID4AOji
PROMOCJE na Dni otwarte blisko METRO WIerzbno + Hala Garażowa,1025888,17537,3,58.5,https://www.otodom.pl/pl/oferta/promocje-na-dni-otwarte-blisko-metro-wierzbno-hala-garazowa-ID4BNrl
Atrakcyjne 3 pokojowe mieszkanie na Saskiej Kępie,819001,14888,3,55.01,https://www.otodom.pl/pl/oferta/atrakcyjne-3-pokojowe-mieszkanie-na-saskiej-kepie-ID4BNrg
2 pokoje. ul. Chłodna 15,695000,18099,2,38.4,https://www.otodom.pl/pl/oferta/2-pokoje-ul-chlodna-15-ID4BFnQ
"Ustawne 4pok, 72m2, idealne dla rodziny, URSUS, ul. Warszawska",999000,13875,4,72,https://www.otodom.pl/pl/oferta/ustawne-4pok-72m2-idealne-dla-rodziny-ursus-ul-warszawska-ID4BEVK
"Nowoczesne, klimatyzowane, balkon, garaż, kom.lok,",1099000,29113,2,37.75,https://www.otodom.pl/pl/oferta/nowoczesne-klimatyzowane-balkon-garaz-kom-lok-ID4BGWX
Gotowe do wejścia | Ostatnie piętro | Funkcjonalne,995000,16285,3,61.1,https://www.otodom.pl/pl/oferta/gotowe-do-wejscia-ostatnie-pietro-funkcjonalne-ID4BGT4
Wawer Go 2.0 | mieszkanie 4-pok. | D2_M11,849762,12129,4,70.06,https://www.otodom.pl/pl/oferta/wawer-go-2-0-mieszkanie-4-pok-d2-m11-ID4sKmX
Po remoncie/duży taras!,845000,15590,3,54.2,https://www.otodom.pl/pl/oferta/po-remoncie-duzy-taras-ID4AP6p
Gotowe | 2 Pokojowe Mieszkanie | 38m2 | Blisko Metro| Park | Uczelnie,665000,17500,2,38,https://www.otodom.pl/pl/oferta/gotowe-2-pokojowe-mieszkanie-38m2-blisko-metro-park-uczelnie-ID4BtyJ
Wiązana Residence,N/A,N/A,N/A,N/A,https://www.otodom.pl/pl/oferta/wiazana-residence-ID4ApkD
"Lokal B.5 | Wiązana Residence – mieszkanie, które daje komfort domu",1270000,11804,4,107.59,https://www.otodom.pl/pl/oferta/lokal-b-5-wiazana-residence-mieszkanie-ktore-daje-komfort-domu-ID4AsRW
"Lokal D.5 | Wiązana Residence – mieszkanie, które daje komfort domu",1270000,11804,4,107.59,https://www.otodom.pl/pl/oferta/lokal-d-5-wiazana-residence-mieszkanie-ktore-daje-komfort-domu-ID4AsXC
Apartamenty Berensona Warszawa Białołęka,769000,16159,2,47.59,https://www.otodom.pl/pl/oferta/apartamenty-berensona-warszawa-bialoleka-ID4BHCA
"Lokal C.4 | Wiązana Residence – mieszkanie, które daje komfort domu",1350000,10820,5,124.77,https://www.otodom.pl/pl/oferta/lokal-c-4-wiazana-residence-mieszkanie-ktore-daje-komfort-domu-ID4AsUx
"Lokal C.3 | Wiązana Residence – mieszkanie, które daje komfort domu",1270000,11804,4,107.59,https://www.otodom.pl/pl/oferta/lokal-c-3-wiazana-residence-mieszkanie-ktore-daje-komfort-domu-ID4AsTS
"Wawer, Pod klucz, Gotowe! Nowe! Ogródek!PROMOCJA !",1090000,13745,4,79.3,https://www.otodom.pl/pl/oferta/wawer-pod-klucz-gotowe-nowe-ogrodek-promocja-ID4Bgjq
Nowy Marysin VII,N/A,N/A,N/A,N/A,https://www.otodom.pl/pl/oferta/nowy-marysin-vii-ID4ul3p
4-pokojowe mieszkanie 87m2 + balkon,1452832,16600,4,87.52,https://www.otodom.pl/pl/oferta/4-pokojowe-mieszkanie-87m2-balkon-ID4ul3z
3-pokojowe mieszkanie 61m2 + balkon,1014260,16600,3,61.1,https://www.otodom.pl/pl/oferta/3-pokojowe-mieszkanie-61m2-balkon-ID4ul3q
2-pokojowe mieszkanie 46m2 + balkon Bez Prowizji,774379,16700,2,46.37,https://www.otodom.pl/pl/oferta/2-pokojowe-mieszkanie-46m2-balkon-bez-prowizji-ID4ul3r
"Klucze od już! ostatnie dostępne 4 pokojowe,0% Pro",1384000,16282,4,85,https://www.otodom.pl/pl/oferta/klucze-od-juz-ostatnie-dostepne-4-pokojowe-0-pro-ID4BGDh
Białołęka ul. Aluzyjna ⭐2 pokoje / 51m2+balkon+garaż⭐przy Modlińskiej,680000,13386,2,50.8,https://www.otodom.pl/pl/oferta/bialoleka-ul-aluzyjna-2-pokoje-51m2-balkon-garazprzy-modlinskiej-ID4BIvK
"Nowe etapy-Rabat,blisko Metro Chrzanów,0% Prozwizj",644000,17644,2,36.5,https://www.otodom.pl/pl/oferta/nowe-etapy-rabat-blisko-metro-chrzanow-0-prozwizj-ID4BGDg
"Klucze od już!! 3pok,dostepne też większe metraże,",952000,17794,3,53.5,https://www.otodom.pl/pl/oferta/klucze-od-juz-3pok-dostepne-tez-wieksze-metraze-ID4BGDi
"Gotowe-3pok,64m2,0% Prozwizji,Promo 18500zł/m2",1182600,18591,3,63.61,https://www.otodom.pl/pl/oferta/gotowe-3pok-64m2-0-prozwizji-promo-18500zl-m2-ID4BGFZ
BEZPOŚREDNIO. Po remoncie 51m2 Dolny Mokotów. 2 pokoje z kuchnią,1000090,19726,2,50.7,https://www.otodom.pl/pl/oferta/bezposrednio-po-remoncie-51m2-dolny-mokotow-2-pokoje-z-kuchnia-ID4BNpk
Zaraz GOTOWE 4 pokoje+ GARAŻ/KOMÓRKA - 15min Centrum + Obok SKM_Zobacz,783210,12432,4,63,https://www.otodom.pl/pl/oferta/zaraz-gotowe-4-pokoje-garaz-komorka-15min-centrum-obok-skm-zobacz-ID4BNps
Mieszkanie gotowe do wprowadzenia | 37 m2,855000,23108,1,37,https://www.otodom.pl/pl/oferta/mieszkanie-gotowe-do-wprowadzenia-37-m2-ID4Bh9m
Stary Mokotów | Metro Racławicka | Piwnica w cenie,970000,17168,2,56.5,https://www.otodom.pl/pl/oferta/stary-mokotow-metro-raclawicka-piwnica-w-cenie-ID4BGZx
3-pok. mieszkanie | duzy balkon | piękny widok,1450000,20139,3,72,https://www.otodom.pl/pl/oferta/3-pok-mieszkanie-duzy-balkon-piekny-widok-ID4Anln
4 pokoje | z potencjałem | zielona okolica,980000,14962,4,65.5,https://www.otodom.pl/pl/oferta/4-pokoje-z-potencjalem-zielona-okolica-ID4BNpi
Ostatnie kawalerki Blisko METRO Karolin ☎️ Umów się na dni otwarte,463591,17279,1,26.83,https://www.otodom.pl/hpr/pl/oferta/ostatnie-kawalerki-blisko-metro-karolin-umow-sie-na-dni-otwarte-ID4BNs0
Przytulna kawalerka po remoncie | Metro Bródno | REZERWACJA,465000,18600,1,25,https://www.otodom.pl/pl/oferta/przytulna-kawalerka-po-remoncie-metro-brodno-rezerwacja-ID4BHjF
"BEZPOŚREDNIO mieszkanie na Saskiej Kępie 48,9 m2 + piwnica PO REMONCIE",895000,18303,2,48.9,https://www.otodom.pl/pl/oferta/bezposrednio-mieszkanie-na-saskiej-kepie-48-9-m2-piwnica-po-remoncie-ID4BDE0
OKAZJA! BEZPOŚREDNIO: 3 pokoje | najwyższe piętro | metro 500 m.,939000,14015,3,67,https://www.otodom.pl/pl/oferta/okazja-bezposrednio-3-pokoje-najwyzsze-pietro-metro-500-m-ID4xWiE
Stary Mokotów | Metro Racławicka | Piwnica w cenie,970000,17168,2,56.5,https://www.otodom.pl/pl/oferta/stary-mokotow-metro-raclawicka-piwnica-w-cenie-ID4BGZx
3-pok. mieszkanie | duzy balkon | piękny widok,1450000,20139,3,72,https://www.otodom.pl/pl/oferta/3-pok-mieszkanie-duzy-balkon-piekny-widok-ID4Anln
4 pokoje | z potencjałem | zielona okolica,980000,14962,4,65.5,https://www.otodom.pl/pl/oferta/4-pokoje-z-potencjalem-zielona-okolica-ID4BNpi
3 pokoje | komórka | garaż | widok na wodę i park,1100000,16418,3,67,https://www.otodom.pl/pl/oferta/3-pokoje-komorka-garaz-widok-na-wode-i-park-ID4BNph
Bemowo | 3 pokoje | do wprowadzenia | metro,1410000,20926,3,67.38,https://www.otodom.pl/pl/oferta/bemowo-3-pokoje-do-wprowadzenia-metro-ID4BNpf
"Mozaika Mokotów, inwestycyjne",870000,22895,2,38,https://www.otodom.pl/pl/oferta/mozaika-mokotow-inwestycyjne-ID4BNp6
Nowe 3 pokoje + GARAŻ/BOKS +TOP Lokalizacja_ Umów DNI OTWARTE I ZOBACZ,702700,14640,3,48,https://www.otodom.pl/pl/oferta/nowe-3-pokoje-garaz-boks-top-lokalizacja-umow-dni-otwarte-i-zobacz-ID4BNp4
4-pokoje|loggia|przestronne|słoneczne|dwustronne|Osiedle Wilno|duże,1303000,16371,4,79.59,https://www.otodom.pl/pl/oferta/4-pokoje-loggia-przestronne-sloneczne-dwustronne-osiedle-wilno-duze-ID4BuSk
"SUPER WIDOK, 3 -pokoje, STANDARD PREMIUM, nowe, BLISKO CENTRUM",1786000,31984,3,55.84,https://www.otodom.pl/pl/oferta/super-widok-3-pokoje-standard-premium-nowe-blisko-centrum-ID4BNoH
Najtańsze 2 pokoje + 15min Centrum + Umów DNI OTWARTE I ZOBACZ_ RABATY,491300,14888,2,33,https://www.otodom.pl/pl/oferta/najtansze-2-pokoje-15min-centrum-umow-dni-otwarte-i-zobacz-rabaty-ID4BNoF
Riviera⁵,N/A,N/A,N/A,N/A,https://www.otodom.pl/pl/oferta/riviera-ID4z9us
4-pokojowe mieszkanie 72m2 + loggia,989059,13571,4,72.88,https://www.otodom.pl/pl/oferta/4-pokojowe-mieszkanie-72m2-loggia-ID4z9xn
3-pokojowe mieszkanie 55m2 + taras Bez Pośredników,780823,13978,3,55.86,https://www.otodom.pl/pl/oferta/3-pokojowe-mieszkanie-55m2-taras-bez-posrednikow-ID4z9vM
2-pokojowe mieszkanie 43m2 + balkon Bez Prowizji,640486,14895,2,43,https://www.otodom.pl/pl/oferta/2-pokojowe-mieszkanie-43m2-balkon-bez-prowizji-ID4z9uS
1-pokojowe mieszkanie 29m2 + balkon,478589,16109,1,29.71,https://www.otodom.pl/pl/oferta/1-pokojowe-mieszkanie-29m2-balkon-ID4z9wl
⭐tarasy 11m | Promo | Wschód-Zachód Metro ⭐0% 2026,886120,17041,3,52,https://www.otodom.pl/pl/oferta/tarasy-11m-promo-wschod-zachod-metro-0-2026-ID4BNox
⭐promo - garaż 10 000zł Hit Ostatnie!!! Gotowe ⭐0%,492059,18224,1,27,https://www.otodom.pl/pl/oferta/promo-garaz-10-000zl-hit-ostatnie-gotowe-0-ID4BNov
"⭐ Doświetlone-2 strony | Ostatnie!! Balkon 8,5m⭐0%",781789,17373,2,45,https://www.otodom.pl/pl/oferta/doswietlone-2-strony-ostatnie-balkon-8-5m0-ID4BNor
⭐taras na dachu 51m + Balkon | Jedyne-Nie Czekaj ⭐,1622835,20035,4,81,https://www.otodom.pl/pl/oferta/taras-na-dachu-51m-balkon-jedyne-nie-czekaj-ID4BNow
Czerwcowa Wyprzedaż! Rabat -20% | Bez Pcc,570629,13780,2,41.41,https://www.otodom.pl/pl/oferta/czerwcowa-wyprzedaz-rabat-20-bez-pcc-ID4BNos
"⭐ 2 stronne-wschód,zachód Promo | Metro | 2026 0%⭐",989991,15469,4,64,https://www.otodom.pl/pl/oferta/2-stronne-wschod-zachod-promo-metro-2026-0-ID4BNot
Hit⭐ 3 strony świata | 2026 |  Metro⭐0% Promo!!!,714998,17875,2,40,https://www.otodom.pl/pl/oferta/hit-3-strony-swiata-2026-metro0-promo-ID4BNoq
⭐2026 !!! Metro | Słoneczne | Promo-nie czekaj⭐0%,646756,17965,2,36,https://www.otodom.pl/pl/oferta/2026-metro-sloneczne-promo-nie-czekaj0-ID4BNop
4-pokojowe mieszkanie 95m2 + ogródek Bezpośrednio,3164804,33184,4,95.37,https://www.otodom.pl/pl/oferta/4-pokojowe-mieszkanie-95m2-ogrodek-bezposrednio-ID4wFBa
Apartament 81m2 + Loggia 6m2 - Goclaw - Garderoba - BEZPOŚREDNIO !!,1228900,15228,3,80.7,https://www.otodom.pl/pl/oferta/apartament-81m2-loggia-6m2-goclaw-garderoba-bezposrednio-ID4BuSV
Piękny prywatny OGRÓDEK 76m2 - super punkt blisko tramwaju!,707932,14032,3,50.45,https://www.otodom.pl/pl/oferta/piekny-prywatny-ogrodek-76m2-super-punkt-blisko-tramwaju-ID4BNoh
Zaraz GOTOWA KAWALERKA + 15min CENTRUM_ Obok SKM + Umów DNI OTWARTE,451990,15066,1,30,https://www.otodom.pl/pl/oferta/zaraz-gotowa-kawalerka-15min-centrum-obok-skm-umow-dni-otwarte-ID4BNof
3-pokojowe mieszkanie 72m2 + balkon,1380741,19008,3,72.64,https://www.otodom.pl/pl/oferta/3-pokojowe-mieszkanie-72m2-balkon-ID4zWmI
2-pokojowe mieszkanie 39m2 + balkon Bez Prowizji,823744,21100,2,39.04,https://www.otodom.pl/pl/oferta/2-pokojowe-mieszkanie-39m2-balkon-bez-prowizji-ID4uSk9
2-pokojowe mieszkanie 55m2 + 2 ogródki,900138,16175,2,55.65,https://www.otodom.pl/pl/oferta/2-pokojowe-mieszkanie-55m2-2-ogrodki-ID4upF8
4-pokojowe mieszkanie 97m2 + balkon Bez Prowizji,2087356,21400,4,97.54,https://www.otodom.pl/pl/oferta/4-pokojowe-mieszkanie-97m2-balkon-bez-prowizji-ID4uo8r
2-pokojowe mieszkanie 40m2 + ogródek,797940,19500,2,40.92,https://www.otodom.pl/pl/oferta/2-pokojowe-mieszkanie-40m2-ogrodek-ID4upUP
Wyjątkowe dwupokojowe mieszkanie pośród trzech parków na Mokotowie,1049000,24038,2,43.64,https://www.otodom.pl/pl/oferta/wyjatkowe-dwupokojowe-mieszkanie-posrod-trzech-parkow-na-mokotowie-ID4BDW9
"BEZPOŚREDNIO 60 m² Stara Ochota, Kamienica, 3.1m wysokości, potencjał",1299000,21650,2,60,https://www.otodom.pl/pl/oferta/bezposrednio-60-m-stara-ochota-kamienica-3-1m-wysokosci-potencjal-ID4AubJ
2-pokojowe mieszkanie 37m2 + loggia Bezpośrednio,840000,22526,2,37.29,https://www.otodom.pl/pl/oferta/2-pokojowe-mieszkanie-37m2-loggia-bezposrednio-ID4uDb9
"Ciche, ładne i ciepłe mieszkanie - bezpośrednio",780000,16490,2,47.3,https://www.otodom.pl/pl/oferta/ciche-ladne-i-cieple-mieszkanie-bezposrednio-ID4BNnt
Stary Mokotów | Metro Racławicka | Piwnica w cenie,970000,17168,2,56.5,https://www.otodom.pl/hpr/pl/oferta/stary-mokotow-metro-raclawicka-piwnica-w-cenie-ID4BGZx
2 pokojowe mieszkanie z balkonem do remontu,489000,12868,2,38,https://www.otodom.pl/pl/oferta/2-pokojowe-mieszkanie-z-balkonem-do-remontu-ID4Av3H
"2 pokoje, gotowy budynek, bezpośrednio, bez PCC",760790,14900,2,51.06,https://www.otodom.pl/pl/oferta/2-pokoje-gotowy-budynek-bezposrednio-bez-pcc-ID4BwbY
"Nowe, 3 pokoje|Klimatyzacja|2 miejsca parkingowe|Balkon|Widok na patio",1590000,24844,3,64,https://www.otodom.pl/pl/oferta/nowe-3-pokoje-klimatyzacja-2-miejsca-parkingowe-balkon-widok-na-patio-ID4BLlG
1-pokojowe mieszkanie 28m2 + balkon Bezpośrednio,514448,18038,1,28.52,https://www.otodom.pl/pl/oferta/1-pokojowe-mieszkanie-28m2-balkon-bezposrednio-ID4umet
"Warszawa | Al. Niepodległości  | 44,45 m² | 2 pokoje",950000,21372,2,44.45,https://www.otodom.pl/pl/oferta/warszawa-al-niepodleglosci-44-45-m-2-pokoje-ID4BEto
"Mieszkanie, 49,50 m², Warszawa",758000,15313,2,49.50,https://www.otodom.pl/pl/oferta/mieszkanie-49-50-m-warszawa-ID4BNn6
"Mieszkanie, 27,70 m², Warszawa",535000,19314,1,27.70,https://www.otodom.pl/pl/oferta/mieszkanie-27-70-m-warszawa-ID4BNn5
"2 pok METRO, PKP, HALA GARAŻOWA",595000,14512,2,41,https://www.otodom.pl/pl/oferta/2-pok-metro-pkp-hala-garazowa-ID4BMx3
Nowe 3 pokoje + GARAŻ/KOMÓRKA + 12 min do CENTRUM_ 300m do METRA,933000,15295,3,61,https://www.otodom.pl/pl/oferta/nowe-3-pokoje-garaz-komorka-12-min-do-centrum-300m-do-metra-ID4BNmZ
Nowe 1 pokój | blisko Metro| bez prowizji,14420,N/A,1,25.53,https://www.otodom.pl/pl/oferta/nowe-1-pokoj-blisko-metro-bez-prowizji-ID4BNmV
"91,6 m² + Komórka 3,3 m²+ Garaż + Balkon 6,3 m²",1459000,15933,3,91.6,https://www.otodom.pl/pl/oferta/91-6-m-komorka-3-3-m-garaz-balkon-6-3-m-ID4BmGe
Nowa Kawalerka_ IDEALNA POD INWESTYCJĘ!_ 20min Centrum_ Dni Otwarte,367000,14115,1,26,https://www.otodom.pl/pl/oferta/nowa-kawalerka-idealna-pod-inwestycje-20min-centrum-dni-otwarte-ID4BNmO
27 m² kawalerka | Centrum | Piwnica w cenie,615000,22778,1,27,https://www.otodom.pl/pl/oferta/27-m-kawalerka-centrum-piwnica-w-cenie-ID4ASgp
Nowe 2 pokoje! 300m do METRA!_ 13min CENTRUM_ Umów Dni Otwarte_ RABATY,594900,16525,2,36,https://www.otodom.pl/pl/oferta/nowe-2-pokoje-300m-do-metra-13min-centrum-umow-dni-otwarte-rabaty-ID4BNmK
3 pokoje z balkonem na zielonych Bielanach,680000,13895,3,48.94,https://www.otodom.pl/pl/oferta/3-pokoje-z-balkonem-na-zielonych-bielanach-ID4B7Q4
Metro Lazurowa / Dwa Poziomy / Dwa Tarasy,1399000,17466,4,80.1,https://www.otodom.pl/pl/oferta/metro-lazurowa-dwa-poziomy-dwa-tarasy-ID4zCCh
Nowe 2 Pokoje +20min do Centrum+ GARAŻ/BOKS+UMÓW DNI OTWARTE -->TERAZ,454000,13758,2,33,https://www.otodom.pl/pl/oferta/nowe-2-pokoje-20min-do-centrum-garaz-boks-umow-dni-otwarte-teraz-ID4BNmz
83 m²| 3 pokoje| Dwupoziomowe | Garaż | Antresola| RembertówI 800m PKP,829000,9988,3,83,https://www.otodom.pl/pl/oferta/83-m-3-pokoje-dwupoziomowe-garaz-antresola-rembertowi-800m-pkp-ID4BtGn
Nowa Kawalerka_TOP Lokalizacja_ 300m do METRA_ Umów Dni Otwarte_Zobacz,519600,19244,1,27,https://www.otodom.pl/pl/oferta/nowa-kawalerka-top-lokalizacja-300m-do-metra-umow-dni-otwarte-zobacz-ID4BNmb
Po generalnym remoncie. Mieszkanie 4 pokoje. Garaż. Miejsca postojowe.,1352000,13000,4,104,https://www.otodom.pl/pl/oferta/po-generalnym-remoncie-mieszkanie-4-pokoje-garaz-miejsca-postojowe-ID4Bxo4
Komfortowe 2 pokoje przy metrze Natolin,775000,15625,2,49.6,https://www.otodom.pl/pl/oferta/komfortowe-2-pokoje-przy-metrze-natolin-ID4BNm8
Dwupoziomowe 67m² | METRO PŁOCKA | Piękny widok | Pełna własność,1090000,16376,3,67,https://www.otodom.pl/pl/oferta/dwupoziomowe-67m-metro-plocka-piekny-widok-pelna-wlasnosc-ID4BuPS
3 pokoje z oddzielną widną kuchnią przy metrze,754000,14500,3,52,https://www.otodom.pl/pl/oferta/3-pokoje-z-oddzielna-widna-kuchnia-przy-metrze-ID4BNm7
Nowe 2 pokoje + GARAŻ/BOKS + 20min Centrum!_ Umów Spotkanie i ZOBACZ,540800,13520,2,40,https://www.otodom.pl/pl/oferta/nowe-2-pokoje-garaz-boks-20min-centrum-umow-spotkanie-i-zobacz-ID4BNm4
Kompaktowe 2 pok. mieszkanie nieopodal Łazienek,600000,20921,2,28.68,https://www.otodom.pl/pl/oferta/kompaktowe-2-pok-mieszkanie-nieopodal-lazienek-ID4BNm3
"Widne, funkcjonalne z balkonem, nowe budownictwo.",930000,24000,2,38.75,https://www.otodom.pl/pl/oferta/widne-funkcjonalne-z-balkonem-nowe-budownictwo-ID4BNm2
Komfortowe 3 pokoje w eleganckim budynku z basenem,2350000,28468,3,82.55,https://www.otodom.pl/pl/oferta/komfortowe-3-pokoje-w-eleganckim-budynku-z-basenem-ID4Bqvt
Komfortowe mieszkanie w stylu glamour,735000,21249,2,34.59,https://www.otodom.pl/pl/oferta/komfortowe-mieszkanie-w-stylu-glamour-ID4BBsH
"Ciche 3 pokoje w Wilanowie, 2 miejsca w garażu",2065000,19842,3,104.07,https://www.otodom.pl/pl/oferta/ciche-3-pokoje-w-wilanowie-2-miejsca-w-garazu-ID4BKmn
"Komfortowe, ciche 4 pokojowe mieszkanie na Woli",2410000,29390,4,82,https://www.otodom.pl/pl/oferta/komfortowe-ciche-4-pokojowe-mieszkanie-na-woli-ID4BhBg
Komfortowe dwa pokoje na starej Saskiej Kępie!,1290000,26942,2,47.88,https://www.otodom.pl/pl/oferta/komfortowe-dwa-pokoje-na-starej-saskiej-kepie-ID4Aqgl
Kompaktowe 3 pokoje w mini apartamentowcu,660000,22148,3,29.8,https://www.otodom.pl/pl/oferta/kompaktowe-3-pokoje-w-mini-apartamentowcu-ID4zAAH
2-pokojowe mieszkanie 41m2 + loggia Bezpośrednio,714916,17042,2,41.95,https://www.otodom.pl/pl/oferta/2-pokojowe-mieszkanie-41m2-loggia-bezposrednio-ID4vrNN
1-pokojowe mieszkanie 31m2 + ogródek,577293,18515,1,31.18,https://www.otodom.pl/pl/oferta/1-pokojowe-mieszkanie-31m2-ogrodek-ID4umD2
3-pokojowe mieszkanie 63m2 + loggia,847043,13325,3,63.57,https://www.otodom.pl/pl/oferta/3-pokojowe-mieszkanie-63m2-loggia-ID4upQK
Jedyne takie miejsce w Warszawie | nad Wisłą,758400,19200,2,39.5,https://www.otodom.pl/pl/oferta/jedyne-takie-miejsce-w-warszawie-nad-wisla-ID4BDOg
2-pokojowe mieszkanie 35m2 + balkon Bez Prowizji,N/A,N/A,2,35.68,https://www.otodom.pl/pl/oferta/2-pokojowe-mieszkanie-35m2-balkon-bez-prowizji-ID4AQ9c
Atrakcyjne Mieszkanie Na Dolnym Mokotowie / Balkon / Garaż,1330000,19910,3,66.8,https://www.otodom.pl/pl/oferta/atrakcyjne-mieszkanie-na-dolnym-mokotowie-balkon-garaz-ID4Bft0
Holm House | Pięknie wykończone mieszkanie,1745640,26000,3,67.14,https://www.otodom.pl/pl/oferta/holm-house-pieknie-wykonczone-mieszkanie-ID4BFLs
1-pokojowe mieszkanie 28m2 + balkon Bezpośrednio,514448,18038,1,28.52,https://www.otodom.pl/hpr/pl/oferta/1-pokojowe-mieszkanie-28m2-balkon-bezposrednio-ID4umet
Kawalerka po remoncie - bezpośrednio od właściciela,612000,25500,1,24,https://www.otodom.pl/pl/oferta/kawalerka-po-remoncie-bezposrednio-od-wlasciciela-ID4BCTk
"Targówek, ul. Korzona, 3 pokoje 83m, z miejscem parkingowym, loggia",960000,11566,3,83,https://www.otodom.pl/pl/oferta/targowek-ul-korzona-3-pokoje-83m-z-miejscem-parkingowym-loggia-ID4BFev
Dwupoziomowe 82 m² | Metro 200 m | 2 łazienki | Czynsz 950 zł,1269000,15476,3,82,https://www.otodom.pl/pl/oferta/dwupoziomowe-82-m-metro-200-m-2-lazienki-czynsz-950-zl-ID4zvMA
3-pokojowe mieszkanie 63m2 + loggia,847043,13325,3,63.57,https://www.otodom.pl/pl/oferta/3-pokojowe-mieszkanie-63m2-loggia-ID4upQK
Jedyne takie miejsce w Warszawie | nad Wisłą,758400,19200,2,39.5,https://www.otodom.pl/pl/oferta/jedyne-takie-miejsce-w-warszawie-nad-wisla-ID4BDOg
2-pokojowe mieszkanie 35m2 + balkon Bez Prowizji,N/A,N/A,2,35.68,https://www.otodom.pl/pl/oferta/2-pokojowe-mieszkanie-35m2-balkon-bez-prowizji-ID4AQ9c
Atrakcyjne Mieszkanie Na Dolnym Mokotowie / Balkon / Garaż,1330000,19910,3,66.8,https://www.otodom.pl/pl/oferta/atrakcyjne-mieszkanie-na-dolnym-mokotowie-balkon-garaz-ID4Bft0
Holm House | Pięknie wykończone mieszkanie,1745640,26000,3,67.14,https://www.otodom.pl/pl/oferta/holm-house-pieknie-wykonczone-mieszkanie-ID4BFLs
Atrakcyjny Apartament W Pobliżu Parku Szczęśliwickiego,1900000,20630,3,92.1,https://www.otodom.pl/pl/oferta/atrakcyjny-apartament-w-poblizu-parku-szczesliwickiego-ID4B0JA
"Jasny, wyjątkowy apartament z dużymi oknami i zabudową na wymiar",1479000,20542,3,72,https://www.otodom.pl/pl/oferta/jasny-wyjatkowy-apartament-z-duzymi-oknami-i-zabudowa-na-wymiar-ID4Apnj
Full wyposażone studio w samym sercu Warszawy. Zapraszam,698000,25410,1,27.47,https://www.otodom.pl/pl/oferta/full-wyposazone-studio-w-samym-sercu-warszawy-zapraszam-ID4BGpZ
"GOTOWE mieszkanie na ostatnim piętrze z wspaniałym TARASEM 12,23m2!",620000,14879,2,41.67,https://www.otodom.pl/pl/oferta/gotowe-mieszkanie-na-ostatnim-pietrze-z-wspanialym-tarasem-12-23m2-ID4BNl0
Loft w kamienicy Soho Factory|2 poziomy|4 pokoje,1299000,17320,4,75,https://www.otodom.pl/pl/oferta/loft-w-kamienicy-soho-factory-2-poziomy-4-pokoje-ID4BNl4
Dwupokojowe Nowoursynowska po remoncie,715000,19861,2,36,https://www.otodom.pl/pl/oferta/dwupokojowe-nowoursynowska-po-remoncie-ID4BNkP
2 Pokoje 10 min centrum,660000,16098,2,41,https://www.otodom.pl/pl/oferta/2-pokoje-10-min-centrum-ID4BNkS
Ciche mieszkanie w centrum Warszawy,2499000,35197,3,71,https://www.otodom.pl/pl/oferta/ciche-mieszkanie-w-centrum-warszawy-ID4BNkQ
"3 Pokoje | 46,2 m² | Mokotów",712000,15411,3,46.2,https://www.otodom.pl/pl/oferta/3-pokoje-46-2-m-mokotow-ID4BNkN
Dwupokojowe 48m² Plac Unii Lubelskiej,1055000,21979,2,48,https://www.otodom.pl/pl/oferta/dwupokojowe-48m-plac-unii-lubelskiej-ID4BNkM
"Mieszkanie 2 Pokojowe/35,60 m2/PKP/Balkon",746999,20983,1,35.6,https://www.otodom.pl/pl/oferta/mieszkanie-2-pokojowe-35-60-m2-pkp-balkon-ID4BNkI
Miasteczko Wilanów 3 pokoje,1650000,20053,3,82.28,https://www.otodom.pl/pl/oferta/miasteczko-wilanow-3-pokoje-ID4BNkK
Kawalerka Plac Unii Lubelskiej,515000,19808,1,26,https://www.otodom.pl/pl/oferta/kawalerka-plac-unii-lubelskiej-ID4BNkL
2-pokojowe mieszkanie 45m2 + balkon Bezpośrednio,N/A,N/A,2,45.66,https://www.otodom.pl/pl/oferta/2-pokojowe-mieszkanie-45m2-balkon-bezposrednio-ID4xBrO
"2 pokoje, 41m2, tylko 7 minut od Pałacu Kultury",599000,14539,2,41.2,https://www.otodom.pl/pl/oferta/2-pokoje-41m2-tylko-7-minut-od-palacu-kultury-ID4zHGF
Starówka - Prestiż I Ponadczasowa Wartość,1148000,22988,2,49.94,https://www.otodom.pl/pl/oferta/starowka-prestiz-i-ponadczasowa-wartosc-ID4Byca
"Wygodne 3 pokoje, balkon, garaż, winda - nowoczesny budynek!",693331,11496,3,60.31,https://www.otodom.pl/pl/oferta/wygodne-3-pokoje-balkon-garaz-winda-nowoczesny-budynek-ID4BuPE
"Eleganckie mieszkanie po generalnym remoncie | Śródmieście, Warszawa",850000,27832,2,30.54,https://www.otodom.pl/pl/oferta/eleganckie-mieszkanie-po-generalnym-remoncie-srodmiescie-warszawa-ID4BDUt
PROMOCJA blisko METRO Wierzbno + Tramwaj + Zobacz osiedle,754802,19656,2,38.4,https://www.otodom.pl/pl/oferta/promocja-blisko-metro-wierzbno-tramwaj-zobacz-osiedle-ID4BNkf
"Apartament 2 pokoje I 21 piętro I 42,9m2 I Garaż I Towarowa Towers",1796000,41806,2,42.96,https://www.otodom.pl/pl/oferta/apartament-2-pokoje-i-21-pietro-i-42-9m2-i-garaz-i-towarowa-towers-ID4BtG2
PROMOCJA blisko METRO Wierzbno + Hala Garażowa,1025907,16709,3,61.4,https://www.otodom.pl/pl/oferta/promocja-blisko-metro-wierzbno-hala-garazowa-ID4BNkd
Luksusowy 2-pok. Apartament w Towarowa Towers,1090000,32059,2,34,https://www.otodom.pl/pl/oferta/luksusowy-2-pok-apartament-w-towarowa-towers-ID4BNkc
Apartament premium w samym centrum Warszawy | Chmielna,1800000,40928,2,43.98,https://www.otodom.pl/pl/oferta/apartament-premium-w-samym-centrum-warszawy-chmielna-ID4BNkb
Bez prowizji | Komórka w cenie | Ogród 248 m2,1819000,21655,4,84,https://www.otodom.pl/pl/oferta/bez-prowizji-komorka-w-cenie-ogrod-248-m2-ID4BIkP
Chmielna Duo | Gotowiec inwestycyjny,1400000,35897,1,39,https://www.otodom.pl/pl/oferta/chmielna-duo-gotowiec-inwestycyjny-ID4BCsk
wykończone | wysoki standard | na wynajem | inwestycja | cicho,630000,21875,1,28.8,https://www.otodom.pl/pl/oferta/wykonczone-wysoki-standard-na-wynajem-inwestycja-cicho-ID4BrOo
4pokoje +Hala Garażowa Blisko METRO Karolin ☎️ Umów się na dni otwarte,832582,14232,4,58.5,https://www.otodom.pl/pl/oferta/4pokoje-hala-garazowa-blisko-metro-karolin-umow-sie-na-dni-otwarte-ID4BNjV
"Wygodne 2 pokoje z balkonem, super cena",515760,13977,2,36.9,https://www.otodom.pl/pl/oferta/wygodne-2-pokoje-z-balkonem-super-cena-ID4BuP5
"Miasteczko Wilanów, 3pok, 66,96 m2, ul. Sarmacka 16",1199000,17906,3,66.96,https://www.otodom.pl/pl/oferta/miasteczko-wilanow-3pok-66-96-m2-ul-sarmacka-16-ID4y0Jt
2 pokoje z balkonem Osiedle Wilno,765000,17087,2,44.77,https://www.otodom.pl/pl/oferta/2-pokoje-z-balkonem-osiedle-wilno-ID4BnhB
EKSKLUZYWNY APARTAMENT Z PRYWATNYM OGRODEM I 4 SYPIALNIAMI,4248750,18750,5,226.6,https://www.otodom.pl/pl/oferta/ekskluzywny-apartament-z-prywatnym-ogrodem-i-4-sypialniami-ID4BhWD
3-pokojowe mieszkanie 63m2 + loggia,847043,13325,3,63.57,https://www.otodom.pl/hpr/pl/oferta/3-pokojowe-mieszkanie-63m2-loggia-ID4upQK
Przytulna kawalerka po remoncie | Metro Bródno | REZERWACJA,465000,18600,1,25,https://www.otodom.pl/pl/oferta/przytulna-kawalerka-po-remoncie-metro-brodno-rezerwacja-ID4BHjF
Chmielna | Centrum Warszawy | Varso Tower | 51.4m2 | Umeblowane,940000,18288,2,51.4,https://www.otodom.pl/pl/oferta/chmielna-centrum-warszawy-varso-tower-51-4m2-umeblowane-ID4BNb8
Apartament 42 m²+Loggia | Premium | Mokotów nad Skarpą | 7min do Metra,1049000,25000,2,42,https://www.otodom.pl/pl/oferta/apartament-42-m-loggia-premium-mokotow-nad-skarpa-7min-do-metra-ID4BLtY
Ostatnie 3pok+GARAŻ Blisko METRO Karolin ☎️ Umów się na dni otwarte,702662,14593,3,48.15,https://www.otodom.pl/pl/oferta/ostatnie-3pok-garaz-blisko-metro-karolin-umow-sie-na-dni-otwarte-ID4BNjO
"3-4 pok PRZY METRZE! HALA GARAZOWA, KOMÓRKA",795000,13250,4,60,https://www.otodom.pl/pl/oferta/3-4-pok-przy-metrze-hala-garazowa-komorka-ID4BMx0
Ostatnie 2pok+GARAŻ Blisko METRO Karolin ☎️ Umów się na dni otwarte,630828,15526,2,40.63,https://www.otodom.pl/pl/oferta/ostatnie-2pok-garaz-blisko-metro-karolin-umow-sie-na-dni-otwarte-ID4BNjF
Nowoczesny apartamentowiec | Plac Grzybowski,1635000,23984,2,68.17,https://www.otodom.pl/pl/oferta/nowoczesny-apartamentowiec-plac-grzybowski-ID4AAnn
Ostatnie kawalerki Blisko METRO Karolin ☎️ Umów się na dni otwarte,463584,17298,1,26.8,https://www.otodom.pl/pl/oferta/ostatnie-kawalerki-blisko-metro-karolin-umow-sie-na-dni-otwarte-ID4BNjy
Wysoki standard |klimatyzacja| 2 miejsca| jasne,999000,18849,2,53,https://www.otodom.pl/pl/oferta/wysoki-standard-klimatyzacja-2-miejsca-jasne-ID4BE8L
Mieszkanie do własnej aranżacji w świetnej lokalizacji,560000,14933,2,37.5,https://www.otodom.pl/pl/oferta/mieszkanie-do-wlasnej-aranzacji-w-swietnej-lokalizacji-ID4BIir
"Super lokalizacja na Białołęce- infrastruktura, tramwaj, Metro! GOTOWE",641396,12483,3,51.38,https://www.otodom.pl/pl/oferta/super-lokalizacja-na-bialolece-infrastruktura-tramwaj-metro-gotowe-ID4BNjn
Penthouse z tarasem na ostatnim piętrze,2570000,25446,3,101,https://www.otodom.pl/pl/oferta/penthouse-z-tarasem-na-ostatnim-pietrze-ID4BDuK
3 sypialnie | Centrum Warszawy | Do aranżacji,2760000,16727,4,165,https://www.otodom.pl/pl/oferta/3-sypialnie-centrum-warszawy-do-aranzacji-ID4B6a3
289086,2750000,16176,5,170,https://www.otodom.pl/pl/oferta/289086-ID4BNiW
Nowoczesny apartament; 3 sypialnie,3290000,35000,4,94,https://www.otodom.pl/pl/oferta/nowoczesny-apartament-3-sypialnie-ID4ADZF
Słoneczne 3 pokoje z balkonem – Gotowe do zamieszkania,924000,13391,3,69,https://www.otodom.pl/pl/oferta/sloneczne-3-pokoje-z-balkonem-gotowe-do-zamieszkania-ID4AcGM
Nowoczesny 2-pokojowy lokal inwestycyjny z balkonem na Pradze,613000,19079,2,32.13,https://www.otodom.pl/pl/oferta/nowoczesny-2-pokojowy-lokal-inwestycyjny-z-balkonem-na-pradze-ID4AtJt
Klimatyczne 2 pokoje w sercu Warszawy | ul. Dzielna | 40m²,650000,16250,2,40,https://www.otodom.pl/pl/oferta/klimatyczne-2-pokoje-w-sercu-warszawy-ul-dzielna-40m-ID4BpiY
1-pokojowe mieszkanie 25m2 + ogródek,424710,16500,1,25.74,https://www.otodom.pl/pl/oferta/1-pokojowe-mieszkanie-25m2-ogrodek-ID4uhbP
Livo.,N/A,N/A,N/A,N/A,https://www.otodom.pl/pl/oferta/livo-ID4ArEP
2-pokojowe mieszkanie 48m2 + taras Bez Pośredników,638616,13200,2,48.38,https://www.otodom.pl/pl/oferta/2-pokojowe-mieszkanie-48m2-taras-bez-posrednikow-ID4ArEX
4-pokojowe mieszkanie 72m2 + taras Bez Prowizji,930356,12852,4,72.39,https://www.otodom.pl/pl/oferta/4-pokojowe-mieszkanie-72m2-taras-bez-prowizji-ID4ArF3
3-pokojowe mieszkanie 55m2 + 2 balkony,795595,14317,3,55.57,https://www.otodom.pl/pl/oferta/3-pokojowe-mieszkanie-55m2-2-balkony-ID4ArFw
Kawalerka | Apartamentowiec | Wola,470000,26111,1,18,https://www.otodom.pl/pl/oferta/kawalerka-apartamentowiec-wola-ID4BNiF
3 pokoje z loggią I Garaż I Niski Blok,720000,12414,3,58,https://www.otodom.pl/pl/oferta/3-pokoje-z-loggia-i-garaz-i-niski-blok-ID4BNiv
3-pokojowe mieszkanie 57m2 + ogródek,816117,14095,3,57.9,https://www.otodom.pl/pl/oferta/3-pokojowe-mieszkanie-57m2-ogrodek-ID4upa8
3-pokojowe mieszkanie 55m2 + balkon Bezpośrednio,702782,12595,3,55.8,https://www.otodom.pl/pl/oferta/3-pokojowe-mieszkanie-55m2-balkon-bezposrednio-ID4uw20
3-pokojowe mieszkanie 68m2 + 2 balkony,798876,11656,3,68.54,https://www.otodom.pl/pl/oferta/3-pokojowe-mieszkanie-68m2-2-balkony-ID4up7S
4-pokojowe mieszkanie 65m2 + 2 balkony,1173554,17800,4,65.93,https://www.otodom.pl/pl/oferta/4-pokojowe-mieszkanie-65m2-2-balkony-ID4zgmn
4-pokojowe mieszkanie 76m2 + balkon,N/A,N/A,4,76.45,https://www.otodom.pl/pl/oferta/4-pokojowe-mieszkanie-76m2-balkon-ID4umAC
2-pokojowe mieszkanie 39m2 + balkon,928369,23320,2,39.81,https://www.otodom.pl/pl/oferta/2-pokojowe-mieszkanie-39m2-balkon-ID4umU9
4-pokojowy apartament 132m2 + loggia,N/A,N/A,4,132.95,https://www.otodom.pl/pl/oferta/4-pokojowy-apartament-132m2-loggia-ID4uhIq
minuta od metra-do remontu-idealna lokalizacja,690000,17380,2,39.7,https://www.otodom.pl/pl/oferta/minuta-od-metra-do-remontu-idealna-lokalizacja-ID4BNia
Zaraz GOTOWE 3/4 pokoje +GARAŻ/KOMÓRKA + Umów Dni Otwarte z RABATAMI,783140,12431,4,63,https://www.otodom.pl/pl/oferta/zaraz-gotowe-3-4-pokoje-garaz-komorka-umow-dni-otwarte-z-rabatami-ID4BNi9
Lokal M7 piętro 75 m2| poddasze nieużytkowe 66 m2 | lokal bezczynszowy,11859,N/A,4,75.87,https://www.otodom.pl/pl/oferta/lokal-m7-pietro-75-m2-poddasze-nieuzytkowe-66-m2-lokal-bezczynszowy-ID4BIbM
6-pokojowe mieszkanie 180m2 + taras Bezpośrednio,N/A,N/A,6,180.45,https://www.otodom.pl/pl/oferta/6-pokojowe-mieszkanie-180m2-taras-bezposrednio-ID4uVcT
2-pokojowe mieszkanie 40m2 Bez Prowizji,805203,20015,2,40.23,https://www.otodom.pl/pl/oferta/2-pokojowe-mieszkanie-40m2-bez-prowizji-ID4wPPw
3-pokojowe mieszkanie 69m2 + balkon Bezpośrednio,1618665,23250,3,69.62,https://www.otodom.pl/pl/oferta/3-pokojowe-mieszkanie-69m2-balkon-bezposrednio-ID4uo6N
4-pokojowe mieszkanie 107m2 + 2 balkony,N/A,N/A,4,107.86,https://www.otodom.pl/pl/oferta/4-pokojowe-mieszkanie-107m2-2-balkony-ID4usJC
1-pokojowe mieszkanie 26m2 + balkon Bez Prowizji,N/A,N/A,1,26.86,https://www.otodom.pl/pl/oferta/1-pokojowe-mieszkanie-26m2-balkon-bez-prowizji-ID4AQ8G
Ostatnie 3pok+GARAŻ Blisko METRO Karolin ☎️ Umów się na dni otwarte,702662,14593,3,48.15,https://www.otodom.pl/hpr/pl/oferta/ostatnie-3pok-garaz-blisko-metro-karolin-umow-sie-na-dni-otwarte-ID4BNjO
2-pokojowe mieszkanie 41m2 + ogródek Bez Prowizji,990000,23844,2,41.52,https://www.otodom.pl/pl/oferta/2-pokojowe-mieszkanie-41m2-ogrodek-bez-prowizji-ID4uoeV
"3 pokoje+duży taras 132 m² |gotowe do odbioru |cicha, zielona okolica",990000,19220,3,132,https://www.otodom.pl/pl/oferta/3-pokoje-duzy-taras-132-m-gotowe-do-odbioru-cicha-zielona-okolica-ID4BuhT
2-pokojowe mieszkanie 51m2 + ogródek Bez Prowizji,847574,16606,2,51.04,https://www.otodom.pl/pl/oferta/2-pokojowe-mieszkanie-51m2-ogrodek-bez-prowizji-ID4up5L
4-pokojowe mieszkanie 80m2 + loggia Bezpośrednio,1722000,21315,4,80.79,https://www.otodom.pl/pl/oferta/4-pokojowe-mieszkanie-80m2-loggia-bezposrednio-ID4uoep
2-pokojowe mieszkanie 33m2 + taras Bez Prowizji,712000,21115,2,33.72,https://www.otodom.pl/pl/oferta/2-pokojowe-mieszkanie-33m2-taras-bez-prowizji-ID4umfv
Wyjątkowy apartament z prywatnym tarasem na dachu,2990000,30885,3,96.81,https://www.otodom.pl/pl/oferta/wyjatkowy-apartament-z-prywatnym-tarasem-na-dachu-ID4BmBa
Bliskość lasu | Ostatnie piętro | Prywatność,2070000,17845,3,116,https://www.otodom.pl/pl/oferta/bliskosc-lasu-ostatnie-pietro-prywatnosc-ID4Bljw
3-pokojowe mieszkanie 59m2 + 2 balkony,989199,16511,3,59.91,https://www.otodom.pl/pl/oferta/3-pokojowe-mieszkanie-59m2-2-balkony-ID4umDj
Nowe 2 pokoje | Park Szczęśliwicki | Ochota,1450000,30083,2,48.2,https://www.otodom.pl/pl/oferta/nowe-2-pokoje-park-szczesliwicki-ochota-ID4BNi5
Oh! Praga,N/A,N/A,N/A,N/A,https://www.otodom.pl/pl/oferta/oh-praga-ID4wPOj
3-pokojowe mieszkanie 51m2 + balkon Bezpośrednio,1014888,19600,3,51.78,https://www.otodom.pl/pl/oferta/3-pokojowe-mieszkanie-51m2-balkon-bezposrednio-ID4wPP8
2-pokojowe mieszkanie 40m2 Bez Pośredników,813249,20215,2,40.23,https://www.otodom.pl/pl/oferta/2-pokojowe-mieszkanie-40m2-bez-posrednikow-ID4wPQy
1-pokojowe mieszkanie 26m2 + balkon,572880,22000,1,26.04,https://www.otodom.pl/pl/oferta/1-pokojowe-mieszkanie-26m2-balkon-ID4wPPe
Czerwcowa Wyprzedaż! Rabat -20% | Bez Pcc,675368,15540,2,43.46,https://www.otodom.pl/pl/oferta/czerwcowa-wyprzedaz-rabat-20-bez-pcc-ID4BNhS
***0% prowizji i PCC_Własność GRUNTU_OZE_Kredyt BEZ wkładu własnego !,13870,N/A,2,37.29,https://www.otodom.pl/pl/oferta/0-prowizji-i-pcc-wlasnosc-gruntu-oze-kredyt-bez-wkladu-wlasnego-ID4BNhv
"Przestrzeń do życia, zabawy i wspólnych chwil",989000,15215,3,65,https://www.otodom.pl/pl/oferta/przestrzen-do-zycia-zabawy-i-wspolnych-chwil-ID4BBMj
Ogród Saski | Stan deweloperski,2300000,54438,2,42.25,https://www.otodom.pl/pl/oferta/ogrod-saski-stan-deweloperski-ID4AXbe
Marina Mokotów | Komfortowy apartament,2250000,19297,4,116.6,https://www.otodom.pl/pl/oferta/marina-mokotow-komfortowy-apartament-ID4ANoD
Najlepszy adres | Zabytkowa kamienica,3900000,35059,3,111.24,https://www.otodom.pl/pl/oferta/najlepszy-adres-zabytkowa-kamienica-ID4AK4P
2 pokoje | Osiedle Saska | Balkon | Garaż podziemny,935000,20640,2,45.3,https://www.otodom.pl/pl/oferta/2-pokoje-osiedle-saska-balkon-garaz-podziemny-ID4BNh4
3pokojowe mieszkanie| miejsce postojowe| Tarchomin,879000,14959,3,58.76,https://www.otodom.pl/pl/oferta/3pokojowe-mieszkanie-miejsce-postojowe-tarchomin-ID4BFNw
POWIŚLE | 3 POKOJE | BALKON | DWUSTRONNE | POTENCJAŁ INWESTYCYJNY,1149000,24710,3,46.5,https://www.otodom.pl/pl/oferta/powisle-3-pokoje-balkon-dwustronne-potencjal-inwestycyjny-ID4BNgD
Przestronne | Świetnie skomunikowana okolica,1950000,16525,3,118,https://www.otodom.pl/pl/oferta/przestronne-swietnie-skomunikowana-okolica-ID4AEgR
"Rozkładowe, metro, tramwaj, parking",797000,19925,2,40,https://www.otodom.pl/pl/oferta/rozkladowe-metro-tramwaj-parking-ID4BNgL
Mieszkanie 3 pokojowe z garderobą na Woli,1185000,20996,3,56.44,https://www.otodom.pl/pl/oferta/mieszkanie-3-pokojowe-z-garderoba-na-woli-ID4BNh0
***Kredyt BEZ wkładu własnego_Okazja - 5% rabatu_WŁASNOŚĆ gruntu !,14345,N/A,2,34.46,https://www.otodom.pl/pl/oferta/kredyt-bez-wkladu-wlasnego-okazja-5-rabatu-wlasnosc-gruntu-ID4BNgN
Bródno I Przy Parku I Metro I Bez prowizji,1195000,14938,3,80,https://www.otodom.pl/pl/oferta/brodno-i-przy-parku-i-metro-i-bez-prowizji-ID4Bzj7
Nowe 3 pokoje | blisko Metro| bez prowizji,13860,N/A,3,51.34,https://www.otodom.pl/pl/oferta/nowe-3-pokoje-blisko-metro-bez-prowizji-ID4BNgM
Nowe 2 pokoje + GARAŻ/BOKS + 20min Centrum!_ Umów Spotkanie i ZOBACZ,540800,13520,2,40,https://www.otodom.pl/pl/oferta/nowe-2-pokoje-garaz-boks-20min-centrum-umow-spotkanie-i-zobacz-ID4BNgG
"Mieszkanie w Starej Miłosnej, 84,9m2,4 pokoje + piwnica 20,8m2,balkon",950000,11190,4,84.9,https://www.otodom.pl/pl/oferta/mieszkanie-w-starej-milosnej-84-9m2-4-pokoje-piwnica-20-8m2-balkon-ID4BNfH
Inwestycja I Najlepszy adres I Centrum Miasta,4727160,36000,4,131.31,https://www.otodom.pl/pl/oferta/inwestycja-i-najlepszy-adres-i-centrum-miasta-ID4B2xi
Luksusowy apartament z windą i tarasem,4450000,23925,5,186,https://www.otodom.pl/pl/oferta/luksusowy-apartament-z-winda-i-tarasem-ID4AAnm
Apartament w inwestycji Praska Moderna,1890000,23478,3,80.5,https://www.otodom.pl/pl/oferta/apartament-w-inwestycji-praska-moderna-ID4AORw
Nowe 2 Pokoje +20min do Centrum+ GARAŻ/BOKS+UMÓW DNI OTWARTE -->TERAZ,454000,13758,2,33,https://www.otodom.pl/pl/oferta/nowe-2-pokoje-20min-do-centrum-garaz-boks-umow-dni-otwarte-teraz-ID4BNgh
***Rabat 5%_Odbiór w LIPCU 2026 r._Własność Gruntu_OZE !,14345,N/A,2,34.46,https://www.otodom.pl/pl/oferta/rabat-5-odbior-w-lipcu-2026-r-wlasnosc-gruntu-oze-ID4BNg7
GOTOWE piękne dwustronne mieszkanie z dwoma balkonami! Obok tramwaj!,757458,12806,3,59.15,https://www.otodom.pl/pl/oferta/gotowe-piekne-dwustronne-mieszkanie-z-dwoma-balkonami-obok-tramwaj-ID4BNg3
Mieszkanie 3 pokojowe - Mokotów atrakcyjna cena! 0% prowizji,905773,14043,3,64.5,https://www.otodom.pl/pl/oferta/mieszkanie-3-pokojowe-mokotow-atrakcyjna-cena-0-prowizji-ID4BAbL
Nowa Kawalerka_ IDEALNA POD INWESTYCJĘ!_ 20min Centrum_ Dni Otwarte,367000,14115,1,26,https://www.otodom.pl/pl/oferta/nowa-kawalerka-idealna-pod-inwestycje-20min-centrum-dni-otwarte-ID4BNfK
2-pokojowe mieszkanie w kamienicy na Śródmieściu,1080100,22981,2,47,https://www.otodom.pl/pl/oferta/2-pokojowe-mieszkanie-w-kamienicy-na-srodmiesciu-ID4AP3C
"Centrum, ul. Krochmalna, 3 pok. z pięknym widokiem",910000,15826,3,57.5,https://www.otodom.pl/pl/oferta/centrum-ul-krochmalna-3-pok-z-pieknym-widokiem-ID4ApSG
4-pokojowe mieszkanie 80m2 + loggia Bezpośrednio,1722000,21315,4,80.79,https://www.otodom.pl/hpr/pl/oferta/4-pokojowe-mieszkanie-80m2-loggia-bezposrednio-ID4uoep
"Ciche, ładne i ciepłe mieszkanie - bezpośrednio",780000,16490,2,47.3,https://www.otodom.pl/pl/oferta/ciche-ladne-i-cieple-mieszkanie-bezposrednio-ID4BNnt
"Żeromskiego 50m2 , świeżo po remoncie, bezpośrednio od właściciela",890000,17800,3,50,https://www.otodom.pl/pl/oferta/zeromskiego-50m2-swiezo-po-remoncie-bezposrednio-od-wlasciciela-ID4zQgm
Apartament przy Łazienkach Królewskich | Bezpośrednio | Bez prowizji,1380000,27359,2,50.44,https://www.otodom.pl/pl/oferta/apartament-przy-lazienkach-krolewskich-bezposrednio-bez-prowizji-ID4xfkI
"Centrum, ul. Krochmalna, 3 pok. z pięknym widokiem",910000,15826,3,57.5,https://www.otodom.pl/pl/oferta/centrum-ul-krochmalna-3-pok-z-pieknym-widokiem-ID4ApSG
Taras | Wysoki standard | Garaż podziemny,1590000,21781,3,73,https://www.otodom.pl/pl/oferta/taras-wysoki-standard-garaz-podziemny-ID4Bs6L
2 pokoje | panoramiczny widok,1039680,24000,2,43.32,https://www.otodom.pl/pl/oferta/2-pokoje-panoramiczny-widok-ID4Bk2s
Słoneczne mieszkanie na Górnym Mokotowie,1100000,22222,2,49.5,https://www.otodom.pl/pl/oferta/sloneczne-mieszkanie-na-gornym-mokotowie-ID4Bjhs
"Elegancja, przestrzeń i Saska Kępa",1299000,21309,2,60.96,https://www.otodom.pl/pl/oferta/elegancja-przestrzen-i-saska-kepa-ID4Bbjf
3 pokoje | narożne | nasłonecznione | apartamenty | bliski termin,1321359,22100,3,59.79,https://www.otodom.pl/pl/oferta/3-pokoje-narozne-naslonecznione-apartamenty-bliski-termin-ID4BNfq
Promocja mieszkanie z dużym balkonem na Mokotowie,745200,16200,2,46,https://www.otodom.pl/pl/oferta/promocja-mieszkanie-z-duzym-balkonem-na-mokotowie-ID4AuHy
"Bezpośrednio, Bez Prowizji 0%, Rozkładowe, Bardzo Słoneczne",824500,20784,2,39.67,https://www.otodom.pl/pl/oferta/bezposrednio-bez-prowizji-0-rozkladowe-bardzo-sloneczne-ID4BKc7
APARTAMENT w WILANOWIE ***125 m2 PRZESTRZENI I KOMFORTU,1372140,11000,3,124.74,https://www.otodom.pl/pl/oferta/apartament-w-wilanowie-125-m2-przestrzeni-i-komfortu-ID4yY8u
4 pokoje/ ogród/ miejskie media/ kameralne osiedle,929000,11959,4,77.68,https://www.otodom.pl/pl/oferta/4-pokoje-ogrod-miejskie-media-kameralne-osiedle-ID4zpPT
3 pokoje/ ogródek/ kameralnym osiedle! /3 ETAP,669000,13543,3,49.4,https://www.otodom.pl/pl/oferta/3-pokoje-ogrodek-kameralnym-osiedle-3-etap-ID4zPnh
2 pokoje || umeblowanie w cenie || balkon || metro 5 min,894000,17988,2,49.7,https://www.otodom.pl/pl/oferta/2-pokoje-umeblowanie-w-cenie-balkon-metro-5-min-ID4BNeB
"Kolejowa 19, Centrum- Nowe, 2 Pokoje, Wysoki Standard - Bezpośrednio",1399000,31382,2,44.58,https://www.otodom.pl/pl/oferta/kolejowa-19-centrum-nowe-2-pokoje-wysoki-standard-bezposrednio-ID4BuKh
"Kawalerka/ 39,21m2/ sprzedaż (cesja)/ Żelazna 54",1125000,28692,1,39.21,https://www.otodom.pl/pl/oferta/kawalerka-39-21m2-sprzedaz-cesja-zelazna-54-ID4zkBn
4 pokoje | APARTAMENTOWIEC | bliski termin oddania | bez prowizji,1716628,19850,4,86.48,https://www.otodom.pl/pl/oferta/4-pokoje-apartamentowiec-bliski-termin-oddania-bez-prowizji-ID4BNeE
Neowo Bemowo,N/A,N/A,N/A,N/A,https://www.otodom.pl/pl/oferta/neowo-bemowo-ID4ub4J
3-pokojowe mieszkanie 59m2 + ogródek Bezpośrednio,N/A,N/A,3,59.3,https://www.otodom.pl/pl/oferta/3-pokojowe-mieszkanie-59m2-ogrodek-bezposrednio-ID4usJc
4-pokojowe mieszkanie 96m2 + 2 ogródki,N/A,N/A,4,96.52,https://www.otodom.pl/pl/oferta/4-pokojowe-mieszkanie-96m2-2-ogrodki-ID4usIy
2-pokojowe mieszkanie 48m2 + balkon,N/A,N/A,2,48.56,https://www.otodom.pl/pl/oferta/2-pokojowe-mieszkanie-48m2-balkon-ID4ucNs
1-pokojowe mieszkanie 66m2 + balkon,N/A,N/A,1,66.13,https://www.otodom.pl/pl/oferta/1-pokojowe-mieszkanie-66m2-balkon-ID4usJu
***Odbiór w LIPCU 2026 r._Ogrzewanie podłogowe_Fotowoltaika !,14345,N/A,2,34.46,https://www.otodom.pl/pl/oferta/odbior-w-lipcu-2026-r-ogrzewanie-podlogowe-fotowoltaika-ID4BNev
Talarowa Park II,N/A,N/A,N/A,N/A,https://www.otodom.pl/pl/oferta/talarowa-park-ii-ID4zHIU
3-pokojowe mieszkanie 55m2 + 2 ogródki,795675,14451,3,55.06,https://www.otodom.pl/pl/oferta/3-pokojowe-mieszkanie-55m2-2-ogrodki-ID4zHJB
2-pokojowe mieszkanie 89m2 + taras Bez Prowizji,1421552,15797,2,89.99,https://www.otodom.pl/pl/oferta/2-pokojowe-mieszkanie-89m2-taras-bez-prowizji-ID4zHJx
Stylowy apartament w kamienicy I 3 pokoje,1490000,26232,3,56.8,https://www.otodom.pl/pl/oferta/stylowy-apartament-w-kamienicy-i-3-pokoje-ID4AuHv
Osiedle Salvia,N/A,N/A,N/A,N/A,https://www.otodom.pl/pl/oferta/osiedle-salvia-ID4xEsf
3-pokojowe mieszkanie 53m2 + 2 balkony,N/A,N/A,3,53.95,https://www.otodom.pl/pl/oferta/3-pokojowe-mieszkanie-53m2-2-balkony-ID4xEtr
2-pokojowe mieszkanie 36m2 + balkon Bezpośrednio,N/A,N/A,2,36.21,https://www.otodom.pl/pl/oferta/2-pokojowe-mieszkanie-36m2-balkon-bezposrednio-ID4xEuD
4-pokojowe mieszkanie 75m2 + balkon Bez Prowizji,N/A,N/A,4,75.1,https://www.otodom.pl/pl/oferta/4-pokojowe-mieszkanie-75m2-balkon-bez-prowizji-ID4xEuE
Penthouse | Blisko metra | Mokotów,3499000,19439,5,180,https://www.otodom.pl/pl/oferta/penthouse-blisko-metra-mokotow-ID4B6u8
Inwestycja I Najlepszy adres I Centrum Miasta,1810160,34000,3,53.24,https://www.otodom.pl/pl/oferta/inwestycja-i-najlepszy-adres-i-centrum-miasta-ID4B2xk
Miasteczko Wilanów| Ogród| 4 miejsca postojowe,2300000,22010,4,104.5,https://www.otodom.pl/pl/oferta/miasteczko-wilanow-ogrod-4-miejsca-postojowe-ID4Byhe
Przestronne mieszkanie z widokiem na zachody,2390000,23498,4,101.71,https://www.otodom.pl/pl/oferta/przestronne-mieszkanie-z-widokiem-na-zachody-ID4B5VG
Wyjątkowy apartament dla Wymagających l Top,2499000,28724,4,87,https://www.otodom.pl/pl/oferta/wyjatkowy-apartament-dla-wymagajacych-l-top-ID4BNeh
2 pokojowe mieszkanie na Ursusie,634000,17611,2,36,https://www.otodom.pl/pl/oferta/2-pokojowe-mieszkanie-na-ursusie-ID4BxbC
"Mieszkanie 4-pokojowe w budowie od dewelopera, Warszawa Targówek",847362,11400,4,74.33,https://www.otodom.pl/pl/oferta/mieszkanie-4-pokojowe-w-budowie-od-dewelopera-warszawa-targowek-ID4AOld
Mieszkanie 61m²✮2 pokoje✮Metro✮Wysokie pomieszczenia✮Piwnica,898000,14721,2,61,https://www.otodom.pl/pl/oferta/mieszkanie-61m2-pokojemetrowysokie-pomieszczeniapiwnica-ID4BGVt
Mieszkanie 67m²✮NOWE 2025✮WYKOŃCZENIE POD KLIENTA✮3pokoje✮Balkon✮Winda,1268000,18883,3,67,https://www.otodom.pl/pl/oferta/mieszkanie-67mnowe-2025wykonczenie-pod-klienta3pokojebalkonwinda-ID4Bt1d
"3-pok blisko PKP , 6min do Metra Okazyjna Cena!",696608,14053,2,49.57,https://www.otodom.pl/pl/oferta/3-pok-blisko-pkp-6min-do-metra-okazyjna-cena-ID4BNe7
"Centrum, ul. Krochmalna, 3 pok. z pięknym widokiem",910000,15826,3,57.5,https://www.otodom.pl/hpr/pl/oferta/centrum-ul-krochmalna-3-pok-z-pieknym-widokiem-ID4ApSG
Wyjątkowe 2 pokoje po remoncie | balkon | Saska Kępa – Brazylijska,789000,19725,2,40,https://www.otodom.pl/pl/oferta/wyjatkowe-2-pokoje-po-remoncie-balkon-saska-kepa-brazylijska-ID4BDzo
2 pokoje w kamienicy przy ul. Grójeckiej | Stara Ochota,790000,21944,2,36,https://www.otodom.pl/pl/oferta/2-pokoje-w-kamienicy-przy-ul-grojeckiej-stara-ochota-ID4BMvU
3-pokojowe mieszkanie 55m2 + loggia,1505119,27316,3,55.1,https://www.otodom.pl/pl/oferta/3-pokojowe-mieszkanie-55m2-loggia-ID4uodH
Przestronny apartament 137m w zielonej okolicy,3000000,21772,4,137.79,https://www.otodom.pl/pl/oferta/przestronny-apartament-137m-w-zielonej-okolicy-ID4BNe6
Dwupokojowe na Żoliborzu za 590.000 zł,589000,15919,2,37,https://www.otodom.pl/pl/oferta/dwupokojowe-na-zoliborzu-za-590-000-zl-ID4BbO4
Panoramiczny widok|2 balkony|10 piętro|do wejścia,1599000,19741,3,81,https://www.otodom.pl/pl/oferta/panoramiczny-widok-2-balkony-10-pietro-do-wejscia-ID4BCDa
Metro Służew|3 pokoje|balkon|po remoncie|zieleń,1099000,18286,3,60.1,https://www.otodom.pl/pl/oferta/metro-sluzew-3-pokoje-balkon-po-remoncie-zielen-ID4Bk1i
Apartament 2 p z balkonem | Wysoki standard | Rydygiera 15- Żoliborz |,1599000,29888,2,53.5,https://www.otodom.pl/pl/oferta/apartament-2-p-z-balkonem-wysoki-standard-rydygiera-15-zoliborz-ID4B8sy
"Apartament - 2 poziomy, 4 pokoje i 100 m2 tarasus",1520000,14716,4,103.29,https://www.otodom.pl/pl/oferta/apartament-2-poziomy-4-pokoje-i-100-m2-tarasus-ID4BgTa
"Na sprzedaż 3 pokoje,50m2 | Wola | Jana Kazimierza",1070000,21400,3,50,https://www.otodom.pl/pl/oferta/na-sprzedaz-3-pokoje-50m2-wola-jana-kazimierza-ID4BFIE
Zobacz ✮ Gotowe M w Ursusie ✮ Balkon od Południa ✮ AGD na gwarancji ✮,575000,17969,1,32,https://www.otodom.pl/pl/oferta/zobacz-gotowe-m-w-ursusie-balkon-od-poludnia-agd-na-gwarancji-ID4BDxh
"Kawalerka Przy Metrze,Parking",468000,17660,1,26.5,https://www.otodom.pl/pl/oferta/kawalerka-przy-metrze-parking-ID4AHKw
Wilanów | 176 m2 | 4 pokoje,3990000,22670,4,176,https://www.otodom.pl/pl/oferta/wilanow-176-m2-4-pokoje-ID4BjMb
Przestronny Apartament 188 m² | Taras | Wilanów,4800000,25447,6,188,https://www.otodom.pl/pl/oferta/przestronny-apartament-188-m-taras-wilanow-ID4zPZj
Komfortowe 3 pokoje | Gocław | klimatyzacja,859000,15339,3,56,https://www.otodom.pl/pl/oferta/komfortowe-3-pokoje-goclaw-klimatyzacja-ID4AMrT
Apartament z ogrodem | Marina Mokotów II I 119m2,3390000,28487,4,119,https://www.otodom.pl/pl/oferta/apartament-z-ogrodem-marina-mokotow-ii-i-119m2-ID4BeQT
Gotowe do wprowadzenia 3 pokoje | Top lokalizacja,995000,17736,3,56.1,https://www.otodom.pl/pl/oferta/gotowe-do-wprowadzenia-3-pokoje-top-lokalizacja-ID4AFLE
Port Praski,N/A,N/A,N/A,N/A,https://www.otodom.pl/pl/oferta/port-praski-ID4AzSt
3-pokojowe mieszkanie 59m2 + loggia Bezpośrednio,1648824,27600,3,59.74,https://www.otodom.pl/pl/oferta/3-pokojowe-mieszkanie-59m2-loggia-bezposrednio-ID4AANL
2-pokojowe mieszkanie 52m2 + balkon,1404687,26700,2,52.61,https://www.otodom.pl/pl/oferta/2-pokojowe-mieszkanie-52m2-balkon-ID4AAO7
Zakątek Włochy,N/A,N/A,N/A,N/A,https://www.otodom.pl/pl/oferta/zakatek-wlochy-ID4zETn
3-pokojowe mieszkanie 51m2 + balkon,864136,16621,3,51.99,https://www.otodom.pl/pl/oferta/3-pokojowe-mieszkanie-51m2-balkon-ID4zEUu
4-pokojowe mieszkanie 78m2 + loggia,1271776,16135,4,78.82,https://www.otodom.pl/pl/oferta/4-pokojowe-mieszkanie-78m2-loggia-ID4zEUN
2-pokojowe mieszkanie 45m2 + ogródek Bez Prowizji,759588,16621,2,45.7,https://www.otodom.pl/pl/oferta/2-pokojowe-mieszkanie-45m2-ogrodek-bez-prowizji-ID4zETK
Stylowe 3 pokojowe 93m² I ogródek I Marina,2205000,23799,3,93,https://www.otodom.pl/pl/oferta/stylowe-3-pokojowe-93m-i-ogrodek-i-marina-ID4BIPL
Kamienica | Ostatnie piętro | Parking,4990000,27952,5,178.52,https://www.otodom.pl/pl/oferta/kamienica-ostatnie-pietro-parking-ID4xhzL
★4 pokojowy Apartament na Wilanowie★,26686,N/A,4,105.87,https://www.otodom.pl/pl/oferta/4-pokojowy-apartament-na-wilanowie-ID4BEWg
GOTOWIEC INWESTYCYJNY | 2 pokoje po remoncie + klima | METRO | Praga,669000,18081,2,37,https://www.otodom.pl/pl/oferta/gotowiec-inwestycyjny-2-pokoje-po-remoncie-klima-metro-praga-ID4BFE4
Mieszkanie w kamienicy | W pobliżu Hali Mirowskiej,1570000,27385,3,57.33,https://www.otodom.pl/pl/oferta/mieszkanie-w-kamienicy-w-poblizu-hali-mirowskiej-ID4xkjT
Bielany. Dwa pokoje. Balkon. Metro.,600000,16367,2,36.66,https://www.otodom.pl/pl/oferta/bielany-dwa-pokoje-balkon-metro-ID4BNcl
Villa Bianca | Dwustronne | 2 balkony,1990000,19703,3,101,https://www.otodom.pl/pl/oferta/villa-bianca-dwustronne-2-balkony-ID4B36a
84m2|Metro Stokłosy|Ciche|Duża loggia,1093300,13000,4,84.1,https://www.otodom.pl/pl/oferta/84m2-metro-stoklosy-ciche-duza-loggia-ID4BNcd
Przestronne 80 m² z loggią | cisza | dla rodziny,1229000,15173,3,80,https://www.otodom.pl/pl/oferta/przestronne-80-m-z-loggia-cisza-dla-rodziny-ID4Bmhr
Spokojna okolica | Prestiż | Fort Bema | Cisza,3220000,23745,5,135.61,https://www.otodom.pl/pl/oferta/spokojna-okolica-prestiz-fort-bema-cisza-ID4B870
Hit! 3 pokoje w super cenie | Bez prowizji,13820,N/A,3,59.72,https://www.otodom.pl/pl/oferta/hit-3-pokoje-w-super-cenie-bez-prowizji-ID4BNc5
Mieszkanie w sąsiedztwie Parku Szczęśliwickiego,849000,19991,2,42.47,https://www.otodom.pl/pl/oferta/mieszkanie-w-sasiedztwie-parku-szczesliwickiego-ID4BNbO
Kawalerka dla INWESTORA + Umów DNI OTWARTE + 15min do CENTRUM _ ZOBACZ,455000,15167,1,30,https://www.otodom.pl/pl/oferta/kawalerka-dla-inwestora-umow-dni-otwarte-15min-do-centrum-zobacz-ID4BBW5
Nowe 2 pokoje + Umów DNI OTWARTE +GARAŻ/BOKS + 15min do CENTRUM/ METRO,523100,14946,2,35,https://www.otodom.pl/pl/oferta/nowe-2-pokoje-umow-dni-otwarte-garaz-boks-15min-do-centrum-metro-ID4BBSI
3-pokojowe mieszkanie 73m2 + balkon,921906,12548,3,73.47,https://www.otodom.pl/pl/oferta/3-pokojowe-mieszkanie-73m2-balkon-ID4vNnf
Wyjątkowo Klimatyczne 4-Ro Pokojowe Dużo Zieleni,995000,15694,4,63.4,https://www.otodom.pl/pl/oferta/wyjatkowo-klimatyczne-4-ro-pokojowe-duzo-zieleni-ID4Bu0u
47 M 1piętro/4 obok stacji metra Wawrzyszew,649000,13809,3,47,https://www.otodom.pl/pl/oferta/47-m-1pietro-4-obok-stacji-metra-wawrzyszew-ID4BNbt
Przestronny apartament 137m w zielonej okolicy,3000000,21772,4,137.79,https://www.otodom.pl/hpr/pl/oferta/przestronny-apartament-137m-w-zielonej-okolicy-ID4BNe6
"3 pokoje 54m2 + taras 50m2 SOHO by Yareal, klimatyzacja, parking, NEON",1350000,25000,3,54,https://www.otodom.pl/pl/oferta/3-pokoje-54m2-taras-50m2-soho-by-yareal-klimatyzacja-parking-neon-ID4BLYz
Piękna kawalerka w dobrym punkcie*Narożna*Widna*Możliwe 2 pok*BEZPOŚR,472000,16978,1,27.8,https://www.otodom.pl/pl/oferta/piekna-kawalerka-w-dobrym-punkcienaroznawidnamozliwe-2-pokbezposr-ID4BFHq
"3 pokojowe mieszkanie 74,71 m2 | ul. Silnikowa 12 | nowa inwestycja",1050000,14054,3,74.71,https://www.otodom.pl/pl/oferta/3-pokojowe-mieszkanie-74-71-m2-ul-silnikowa-12-nowa-inwestycja-ID4BFnM
Reprezentacyjny apartament-taras 70m2- 2 m. garażowe - w cenie. OKAZJA,2250000,16917,4,133,https://www.otodom.pl/pl/oferta/reprezentacyjny-apartament-taras-70m2-2-m-garazowe-w-cenie-okazja-ID4BNbl
Chmielna | Centrum Warszawy | Varso Tower | 51.4m2 | Umeblowane,940000,18288,2,51.4,https://www.otodom.pl/pl/oferta/chmielna-centrum-warszawy-varso-tower-51-4m2-umeblowane-ID4BNb8
"mieszkanie 3pokojowe z garderoba, Warszawa Ursus, jasne, zadbane, duże",1125000,16544,3,68,https://www.otodom.pl/pl/oferta/mieszkanie-3pokojowe-z-garderoba-warszawa-ursus-jasne-zadbane-duze-ID4Bh9H
543/16295/OMS,1049145,17250,3,60.82,https://www.otodom.pl/pl/oferta/543-16295-oms-ID4BNbe
"Bezpośrednio, 2 pokoje Ostoja Wilanów . Ciche, jasne, widok na rzeczkę",929000,21605,2,43,https://www.otodom.pl/pl/oferta/bezposrednio-2-pokoje-ostoja-wilanow-ciche-jasne-widok-na-rzeczke-ID4BNaR
Comfort City - Koral,N/A,N/A,N/A,N/A,https://www.otodom.pl/pl/oferta/comfort-city-koral-ID4ui3f
3-pokojowe mieszkanie 58m2 + balkon,854842,14688,3,58.2,https://www.otodom.pl/pl/oferta/3-pokojowe-mieszkanie-58m2-balkon-ID4uC89
2-pokojowe mieszkanie 37m2 + balkon Bezpośrednio,564959,15228,2,37.1,https://www.otodom.pl/pl/oferta/2-pokojowe-mieszkanie-37m2-balkon-bezposrednio-ID4uC76
Najwyższe piętro | Jedyne mieszkanie na piętrze,1990000,19025,4,104.6,https://www.otodom.pl/pl/oferta/najwyzsze-pietro-jedyne-mieszkanie-na-pietrze-ID4BkVK
Zaraz GOTOWE 2 pokoje + Idealne pod Inwestycje + 15min CENTRUM_ ZOBACZ,491300,14888,2,33,https://www.otodom.pl/pl/oferta/zaraz-gotowe-2-pokoje-idealne-pod-inwestycje-15min-centrum-zobacz-ID4BNaK
"Kamienica, Widne, Rozkładowe, Centrum, Elektoralna",1109000,22180,2,50,https://www.otodom.pl/pl/oferta/kamienica-widne-rozkladowe-centrum-elektoralna-ID4Bmhp
Kawalerka na Nowolipkach | Klimatyzacja | Piwnica,625000,23674,1,26.4,https://www.otodom.pl/pl/oferta/kawalerka-na-nowolipkach-klimatyzacja-piwnica-ID4zqVr
Słoneczne 2 pokojowe z 2 przestronnymi tarasami,1229000,25031,2,49.1,https://www.otodom.pl/pl/oferta/sloneczne-2-pokojowe-z-2-przestronnymi-tarasami-ID4BDQZ
3-pokojowe mieszkanie w kameralnej kamienicy - Stara Saska Kępa,1910000,28627,3,66.72,https://www.otodom.pl/pl/oferta/3-pokojowe-mieszkanie-w-kameralnej-kamienicy-stara-saska-kepa-ID4zc2a
Przytulne i funkcjonalne 2-pokojowe mieszkanie - 10 metrów balkon,653000,14878,2,43.89,https://www.otodom.pl/pl/oferta/przytulne-i-funkcjonalne-2-pokojowe-mieszkanie-10-metrow-balkon-ID4BpZ1
Funkcjonalne 3 pokoje | Metro Marymont | Piwnica,740000,14341,3,51.6,https://www.otodom.pl/pl/oferta/funkcjonalne-3-pokoje-metro-marymont-piwnica-ID4BNac
Narożny Penthouse z tarasem na ostatnim piętrze,2000000,26667,3,75,https://www.otodom.pl/pl/oferta/narozny-penthouse-z-tarasem-na-ostatnim-pietrze-ID4BdTK
Nowe 3 pokoje + GARAŻ/BOKS + Obok SKM + Umów DNI OTWARTE Z RABATAMI,702950,14645,3,48,https://www.otodom.pl/pl/oferta/nowe-3-pokoje-garaz-boks-obok-skm-umow-dni-otwarte-z-rabatami-ID4BN9V
Komfortowe 4 pokoje-bez prowizji !,1525671,16501,4,92.46,https://www.otodom.pl/pl/oferta/komfortowe-4-pokoje-bez-prowizji-ID4Bs7I
***WYKOŃCZONE mieszkanie z 5% rabatem_Ogrzewanie podłogowe_OKAZJA !,14393,N/A,2,37.68,https://www.otodom.pl/pl/oferta/wykonczone-mieszkanie-z-5-rabatem-ogrzewanie-podlogowe-okazja-ID4BN9R
Duży taras | Wysoki standard wykończenia,1690000,21043,4,80.31,https://www.otodom.pl/pl/oferta/duzy-taras-wysoki-standard-wykonczenia-ID4B0bE
Dwupoziomowy apartament z ogrodem i automatyką,1555000,16656,3,93.36,https://www.otodom.pl/pl/oferta/dwupoziomowy-apartament-z-ogrodem-i-automatyka-ID4BN9E
Nowe 2 pokoje | blisko Metro| bez prowizji,13940,N/A,2,33.44,https://www.otodom.pl/pl/oferta/nowe-2-pokoje-blisko-metro-bez-prowizji-ID4BN9D
Nowe 2 pokoje + GARAŻ/BOKS! + Obok SKM/METRO + Umów DNI OTWARTE_ZOBACZ,631020,15504,2,40.7,https://www.otodom.pl/pl/oferta/nowe-2-pokoje-garaz-boks-obok-skm-metro-umow-dni-otwarte-zobacz-ID4BN9x
"Przestrzeń, Światło i Horyzont M Księcia Janusza",1297000,18797,3,69,https://www.otodom.pl/pl/oferta/przestrzen-swiatlo-i-horyzont-m-ksiecia-janusza-ID4B3jo
Na sprzedaż 3-pokojowe mieszkanie na zamkniętym os,863500,13492,3,64,https://www.otodom.pl/pl/oferta/na-sprzedaz-3-pokojowe-mieszkanie-na-zamknietym-os-ID4BN8x
3 pokoje przy Metrze Bemowo. ostatnie piętro. Możliwe 4 pokoje,1179000,19016,3,62,https://www.otodom.pl/pl/oferta/3-pokoje-przy-metrze-bemowo-ostatnie-pietro-mozliwe-4-pokoje-ID4BfQT
Cicha oaza w sercu Starej Ochoty | 2 pokoje | Projekt architekta,906000,19912,2,45.5,https://www.otodom.pl/pl/oferta/cicha-oaza-w-sercu-starej-ochoty-2-pokoje-projekt-architekta-ID4BAye
2-pokojowe mieszkanie 37m2 + balkon Bezpośrednio,N/A,N/A,2,37.03,https://www.otodom.pl/pl/oferta/2-pokojowe-mieszkanie-37m2-balkon-bezposrednio-ID4umHU
Osiedle Omulewska,N/A,N/A,N/A,N/A,https://www.otodom.pl/pl/oferta/osiedle-omulewska-ID4zGJT
4-pokojowe mieszkanie 80m2 + balkon Bez Prowizji,1483145,18500,4,80.17,https://www.otodom.pl/pl/oferta/4-pokojowe-mieszkanie-80m2-balkon-bez-prowizji-ID4zPwP
3-pokojowe mieszkanie 57m2 + taras Bezpośrednio,1020296,17800,3,57.32,https://www.otodom.pl/pl/oferta/3-pokojowe-mieszkanie-57m2-taras-bezposrednio-ID4zGKI
2-pokojowe mieszkanie 36m2 + taras Bezpośrednio,801240,22000,2,36.42,https://www.otodom.pl/pl/oferta/2-pokojowe-mieszkanie-36m2-taras-bezposrednio-ID4zGLJ
1-pokojowe mieszkanie 29m2 + loggia Bez Prowizji,670283,22900,1,29.27,https://www.otodom.pl/pl/oferta/1-pokojowe-mieszkanie-29m2-loggia-bez-prowizji-ID4zGKk
Piano Forte,N/A,N/A,N/A,N/A,https://www.otodom.pl/pl/oferta/piano-forte-ID4Ah7Y
4-pokojowe mieszkanie 91m2 + balkon,3082361,33872,4,91,https://www.otodom.pl/pl/oferta/4-pokojowe-mieszkanie-91m2-balkon-ID4Ah86
3-pokojowe mieszkanie 73m2 + balkon Bez Prowizji,2018713,27302,3,73.94,https://www.otodom.pl/pl/oferta/3-pokojowe-mieszkanie-73m2-balkon-bez-prowizji-ID4Ah8y
2-pokojowe mieszkanie 52m2 + ogródek Bezpośrednio,1434268,27159,2,52.81,https://www.otodom.pl/pl/oferta/2-pokojowe-mieszkanie-52m2-ogrodek-bezposrednio-ID4Ah8C
1-pokojowe mieszkanie 42m2 + loggia Bezpośrednio,1354120,31922,1,42.42,https://www.otodom.pl/pl/oferta/1-pokojowe-mieszkanie-42m2-loggia-bezposrednio-ID4Ah8s
Reprezentacyjny apartament-taras 70m2- 2 m. garażowe - w cenie. OKAZJA,2250000,16917,4,133,https://www.otodom.pl/hpr/pl/oferta/reprezentacyjny-apartament-taras-70m2-2-m-garazowe-w-cenie-okazja-ID4BNbl
"KAWALERKA -GÓRNY MOKOTÓW ,SGH, PARK MORSKIE OKO, PARKING",549000,19607,1,28,https://www.otodom.pl/pl/oferta/kawalerka-gorny-mokotow-sgh-park-morskie-oko-parking-ID4BMwA
"3 pokoje+duży taras 132 m² |gotowe do odbioru |cicha, zielona okolica",990000,19220,3,132,https://www.otodom.pl/pl/oferta/3-pokoje-duzy-taras-132-m-gotowe-do-odbioru-cicha-zielona-okolica-ID4BuhT
4-pokojowy apartament 123m2 + loggia Bezpośrednio,N/A,N/A,4,123.35,https://www.otodom.pl/pl/oferta/4-pokojowy-apartament-123m2-loggia-bezposrednio-ID4uhHY
MEGA klimatyczne mieszkanie w 100letniej kamienicy przy parku,917000,15810,3,58,https://www.otodom.pl/pl/oferta/mega-klimatyczne-mieszkanie-w-100letniej-kamienicy-przy-parku-ID4BkNX
Metro | Tramwaj | Wisła | możliwe 3 pokoje!,749000,13399,3,55.9,https://www.otodom.pl/pl/oferta/metro-tramwaj-wisla-mozliwe-3-pokoje-ID4BurN
dobrze doświetlone- spokojna zielona okolica,1412687,16641,4,84.89,https://www.otodom.pl/pl/oferta/dobrze-doswietlone-spokojna-zielona-okolica-ID4BGVl
Słoneczne 3 pokoje z balkonem na Mokotowie.,1760000,25607,3,68.73,https://www.otodom.pl/pl/oferta/sloneczne-3-pokoje-z-balkonem-na-mokotowie-ID4BDRu
Mieszkanie 2-pokojowe z balkonem na Pradze-Południe,945000,17710,2,53.36,https://www.otodom.pl/pl/oferta/mieszkanie-2-pokojowe-z-balkonem-na-pradze-poludnie-ID4BN8K
Słoneczny apartament przy Wola Park,1625000,21959,3,74,https://www.otodom.pl/pl/oferta/sloneczny-apartament-przy-wola-park-ID4AGH7
Mieszkanie przy Łazienkach Królewskich,2300000,40210,2,57.2,https://www.otodom.pl/pl/oferta/mieszkanie-przy-lazienkach-krolewskich-ID4BvRy
Apartament 186m2 w zrewitalizowanej kamienicy przy Koszykach FRONT,4550000,24462,6,186,https://www.otodom.pl/pl/oferta/apartament-186m2-w-zrewitalizowanej-kamienicy-przy-koszykach-front-ID4AiRC
2 Pok | Wum-UW-Aps | Miejsce Postojowe | Park,530700,14500,2,36.6,https://www.otodom.pl/pl/oferta/2-pok-wum-uw-aps-miejsce-postojowe-park-ID4AAxH
"Nowe, wykończone 2 pokoje, 37 m2 ul. Wołoska",828999,22442,2,36.94,https://www.otodom.pl/pl/oferta/nowe-wykonczone-2-pokoje-37-m2-ul-woloska-ID4BgKi
"3pok|64,06m2|Duży balkon+ganek|Świetna lokalizacja Bora-Komorowskiego|",770000,12020,3,64.06,https://www.otodom.pl/pl/oferta/3pok-64-06m2-duzy-balkon-ganek-swietna-lokalizacja-bora-komorowskiego-ID4AbLI
"Blisko metra, osobna widna kuchnia",400000,16327,1,24.5,https://www.otodom.pl/pl/oferta/blisko-metra-osobna-widna-kuchnia-ID4BdY9
"Przytulne, słoneczne 2 pokoje na Gocławiu – inwestycja Nordic Living",890000,19690,2,45.2,https://www.otodom.pl/pl/oferta/przytulne-sloneczne-2-pokoje-na-goclawiu-inwestycja-nordic-living-ID4AY2w
1-pokojowe mieszkanie 29m2 + balkon Bezpośrednio,531168,17993,1,29.52,https://www.otodom.pl/pl/oferta/1-pokojowe-mieszkanie-29m2-balkon-bezposrednio-ID4umeq
Ursus Mieszkanie 3 pokoje,639000,13801,3,46.3,https://www.otodom.pl/pl/oferta/ursus-mieszkanie-3-pokoje-ID4Ab9N
3-pokojowe mieszkanie 56m2 + balkon Bezpośrednio,956853,17071,3,56.05,https://www.otodom.pl/pl/oferta/3-pokojowe-mieszkanie-56m2-balkon-bezposrednio-ID4umDk
2-pokojowe mieszkanie 35m2 + balkon,N/A,N/A,2,35.73,https://www.otodom.pl/pl/oferta/2-pokojowe-mieszkanie-35m2-balkon-ID4AQ9d
Ładne mieszkanie na wysokim parterze.,680000,12364,3,55,https://www.otodom.pl/pl/oferta/ladne-mieszkanie-na-wysokim-parterze-ID4BN8b
"Mieszkanie, 101,35 m², Warszawa",2390000,23582,3,101.35,https://www.otodom.pl/pl/oferta/mieszkanie-101-35-m-warszawa-ID4BAHt
"wyjątkowy APARTAMENT 86m2 ""Premium Point"" WYSOKI STANDARD prywatnie",1350000,15698,3,86,https://www.otodom.pl/pl/oferta/wyjatkowy-apartament-86m2-premium-point-wysoki-standard-prywatnie-ID4ByQQ
Metro Art,N/A,N/A,N/A,N/A,https://www.otodom.pl/pl/oferta/metro-art-ID4umt4
3-pokojowe mieszkanie 54m2 + 2 balkony,989538,18084,3,54.72,https://www.otodom.pl/pl/oferta/3-pokojowe-mieszkanie-54m2-2-balkony-ID4BN7V
3-pokojowe mieszkanie 46m2 + balkon,853216,18200,3,46.88,https://www.otodom.pl/pl/oferta/3-pokojowe-mieszkanie-46m2-balkon-ID4BN7W
4-pokojowe mieszkanie 63m2 + ogródek,1020667,16117,4,63.33,https://www.otodom.pl/pl/oferta/4-pokojowe-mieszkanie-63m2-ogrodek-ID4BN7U
1-pokojowe mieszkanie 26m2 + ogródek Bezpośrednio,531625,19844,1,26.79,https://www.otodom.pl/pl/oferta/1-pokojowe-mieszkanie-26m2-ogrodek-bezposrednio-ID4BN7S
Prestiżowe studio na sprzedaż | Metro Daszyńskiego | 14 piętro,1269000,35348,1,35.9,https://www.otodom.pl/pl/oferta/prestizowe-studio-na-sprzedaz-metro-daszynskiego-14-pietro-ID4BETd
"Słoneczne, Jasne I Przestronne – Marina Mokotów",2090000,28351,3,73.72,https://www.otodom.pl/pl/oferta/sloneczne-jasne-i-przestronne-marina-mokotow-ID4ATSO
Dwupokojowe mieszkanie z balkonem w Wilanowie,1170000,21366,2,54.76,https://www.otodom.pl/pl/oferta/dwupokojowe-mieszkanie-z-balkonem-w-wilanowie-ID4BN7I
"Na sprzedaż 3 pokoje | 61,3 m² | Mokotów | Loggia | Garaż podziemny",1290000,21044,3,61.3,https://www.otodom.pl/pl/oferta/na-sprzedaz-3-pokoje-61-3-m-mokotow-loggia-garaz-podziemny-ID4BC4C
Słoneczne 3 Pokoje Z Klimatyzacją W 19. Dzielnicy,1920000,29772,3,64.49,https://www.otodom.pl/pl/oferta/sloneczne-3-pokoje-z-klimatyzacja-w-19-dzielnicy-ID4BFEl
"Mieszkanie 2 pok., duży ogródek + komórka + miejsce w garażu.",780000,16414,2,47.52,https://www.otodom.pl/pl/oferta/mieszkanie-2-pok-duzy-ogrodek-komorka-miejsce-w-garazu-ID4BAJQ
"Bródno, ul. Turmoncka 19, po remoncie",599000,15359,2,39,https://www.otodom.pl/pl/oferta/brodno-ul-turmoncka-19-po-remoncie-ID4BN7p
"Osiedle Saska, 5 piętro, Loggia 18m2, Bez prowizji",1060000,19371,2,54.72,https://www.otodom.pl/pl/oferta/osiedle-saska-5-pietro-loggia-18m2-bez-prowizji-ID4yDgo
Stara Ochota | kamienica z windą | 84 m² | do zamieszkania,1450000,17262,3,84,https://www.otodom.pl/pl/oferta/stara-ochota-kamienica-z-winda-84-m-do-zamieszkania-ID4BIqU
Styl Modern Retro | Gotowe do wprowadzenia | Po re,825000,15792,4,52.24,https://www.otodom.pl/pl/oferta/styl-modern-retro-gotowe-do-wprowadzenia-po-re-ID4B3tg
RABATY do 300 000PLN Dni Otwarte 20-23.05 blisko METRO Wierzbno !!,1373820,17281,4,79.5,https://www.otodom.pl/pl/oferta/rabaty-do-300-000pln-dni-otwarte-20-23-05-blisko-metro-wierzbno-ID4Bqv3
MEGA klimatyczne mieszkanie w 100letniej kamienicy przy parku,917000,15810,3,58,https://www.otodom.pl/hpr/pl/oferta/mega-klimatyczne-mieszkanie-w-100letniej-kamienicy-przy-parku-ID4BkNX
"Nowy Świat | 65 m² | Wysokie sufity | Mieszkanie, biuro lub inwestycja",1499000,23062,3,65,https://www.otodom.pl/pl/oferta/nowy-swiat-65-m-wysokie-sufity-mieszkanie-biuro-lub-inwestycja-ID4BDAA
Jasna kawalerka 36m2 z osobną kuchnią na Mokotowie,660000,18333,1,36,https://www.otodom.pl/pl/oferta/jasna-kawalerka-36m2-z-osobna-kuchnia-na-mokotowie-ID4BLWy
Mieszkanie 1-pokojowe w Śródmieściu z windą,648000,24000,1,27,https://www.otodom.pl/pl/oferta/mieszkanie-1-pokojowe-w-srodmiesciu-z-winda-ID4BLBj
OSTATNIA szansa na RABAT blisko METRA_Dni otwarte do sob_GOTOWE 5pok!,2735297,19207,5,142.41,https://www.otodom.pl/pl/oferta/ostatnia-szansa-na-rabat-blisko-metra-dni-otwarte-do-sob-gotowe-5pok-ID4ByVR
***Okazja_Rabat 5%_Mieszkanie z WYKOŃCZENIEM_Własność GRUNTU !,14393,N/A,2,37.68,https://www.otodom.pl/pl/oferta/okazja-rabat-5-mieszkanie-z-wykonczeniem-wlasnosc-gruntu-ID4BN73
Mieszkanie przy Metrze z Księgą Wieczystą,555000,11935,2,46.5,https://www.otodom.pl/pl/oferta/mieszkanie-przy-metrze-z-ksiega-wieczysta-ID4BN72
"Mieszkanie na Mokotowie, wysoki standard w świetnej lokalizacji!",929542,15999,3,58.1,https://www.otodom.pl/pl/oferta/mieszkanie-na-mokotowie-wysoki-standard-w-swietnej-lokalizacji-ID4BA9y
Słoneczne 2 pokoje z nową łazienką i balkonem | Winda | Komórka,610000,13261,2,46,https://www.otodom.pl/pl/oferta/sloneczne-2-pokoje-z-nowa-lazienka-i-balkonem-winda-komorka-ID4Bz2E
"Widok na Jeziorko Gocławskie! garaż, idealna lokalizacja, dwustronne",849000,16150,2,52.57,https://www.otodom.pl/pl/oferta/widok-na-jeziorko-goclawskie-garaz-idealna-lokalizacja-dwustronne-ID4ByEE
"z tarasem 9 m, komórką lokatorką 7 m i garażem",1290000,17917,3,72,https://www.otodom.pl/pl/oferta/z-tarasem-9-m-komorka-lokatorka-7-m-i-garazem-ID4BiWb
Nowe 3 pokoje! M. Postojowe/Komórka -> Metro Karolin,717000,14340,3,50,https://www.otodom.pl/pl/oferta/nowe-3-pokoje-m-postojowe-komorka-metro-karolin-ID4BN6x
Najtańsze 2 pokoje + M. Postojowe _ Metro Karolin,527000,15275,2,34.5,https://www.otodom.pl/pl/oferta/najtansze-2-pokoje-m-postojowe-metro-karolin-ID4BN6t
przestronny apartament z miejscem postojowym,1800000,19565,3,92,https://www.otodom.pl/pl/oferta/przestronny-apartament-z-miejscem-postojowym-ID4BkuW
Metro Bemowo | 2 poziomy | Garaż podziemny,1449900,12820,4,113.1,https://www.otodom.pl/pl/oferta/metro-bemowo-2-poziomy-garaz-podziemny-ID4BhrZ
"Po remoncie/3 pok +garderoba/komórka lok/narożne/metro ""Ratusz Bemowo""",1130000,21648,3,52.2,https://www.otodom.pl/pl/oferta/po-remoncie-3-pok-garderoba-komorka-lok-narozne-metro-ratusz-bemowo-ID4Bbrm
"2 pok I 36,36 m2 I Metro Słodowiec I balkon, zieleń, cisza I winda",547000,15044,2,36.36,https://www.otodom.pl/pl/oferta/2-pok-i-36-36-m2-i-metro-slodowiec-i-balkon-zielen-cisza-i-winda-ID4BN6k
Światowida 61B,N/A,N/A,N/A,N/A,https://www.otodom.pl/pl/oferta/swiatowida-61b-ID4yo3u
3-pokojowe mieszkanie 66m2 + balkon Bezpośrednio,905022,13700,3,66.06,https://www.otodom.pl/pl/oferta/3-pokojowe-mieszkanie-66m2-balkon-bezposrednio-ID4yo3R
4-pokojowe mieszkanie 76m2 + balkon Bezpośrednio,995203,12999,4,76.56,https://www.otodom.pl/pl/oferta/4-pokojowe-mieszkanie-76m2-balkon-bezposrednio-ID4yo42
2-pokojowe mieszkanie 49m2 + balkon Bez Prowizji,729344,14800,2,49.28,https://www.otodom.pl/pl/oferta/2-pokojowe-mieszkanie-49m2-balkon-bez-prowizji-ID4yo3C
"MDM, Pl. Konstytucji, Pl. Politechniki, Pl. Zbawiciela.",1670000,21421,4,77.96,https://www.otodom.pl/pl/oferta/mdm-pl-konstytucji-pl-politechniki-pl-zbawiciela-ID4Bp1h
"Mieszkanie 3 Pokoje, Balkon Piwnica, Księga Wiecz.",850000,12445,3,68.3,https://www.otodom.pl/pl/oferta/mieszkanie-3-pokoje-balkon-piwnica-ksiega-wiecz-ID4BJyt
"Mieszkanie 2-pokojowe, blisko parku, widok na Las Bielański",579000,18340,2,31.57,https://www.otodom.pl/pl/oferta/mieszkanie-2-pokojowe-blisko-parku-widok-na-las-bielanski-ID4BN6j
Słoneczne 4 pokoje + Hala Garażowa - Zobacz osiedle na żywo!,795100,13247,4,60.02,https://www.otodom.pl/pl/oferta/sloneczne-4-pokoje-hala-garazowa-zobacz-osiedle-na-zywo-ID4BN6f
"WYSOKI STANDARD, 3 pokoje + Hala Garażowa -> Metro Karolin",745000,13920,3,53.52,https://www.otodom.pl/pl/oferta/wysoki-standard-3-pokoje-hala-garazowa-metro-karolin-ID4BN6b
***Ostatnie MIESZKANIA z WYKOŃCZENIEM_Rabat 5%_BEZ prowizji i PCC !,14393,N/A,2,36.73,https://www.otodom.pl/pl/oferta/ostatnie-mieszkania-z-wykonczeniem-rabat-5-bez-prowizji-i-pcc-ID4BN63
"BEZPOŚREDNIO, 2-POK DO ZAMIESZKANIA",899000,16345,2,55,https://www.otodom.pl/pl/oferta/bezposrednio-2-pok-do-zamieszkania-ID4Buwp
"Przestronne 2 pokoje, loggia, system SMART",799000,20753,2,38.5,https://www.otodom.pl/pl/oferta/przestronne-2-pokoje-loggia-system-smart-ID4B7Qw
Praga Płd I 2 pokoje | Balkon | Umeblowane | 0% PROWIZJI,953865,20500,2,46.53,https://www.otodom.pl/pl/oferta/praga-pld-i-2-pokoje-balkon-umeblowane-0-prowizji-ID4BN5F
Zaraz GOTOWE 3 pokoje + GARAŻ/BOKS + Umów DNI OTWARTE Z RABATAMI,706900,14082,3,50.2,https://www.otodom.pl/pl/oferta/zaraz-gotowe-3-pokoje-garaz-boks-umow-dni-otwarte-z-rabatami-ID4BN5G
Praga Płd I 2 pokoje | Balkon | Umeblowane | 0% PROWIZJI,937260,20500,2,45.72,https://www.otodom.pl/pl/oferta/praga-pld-i-2-pokoje-balkon-umeblowane-0-prowizji-ID4BN5e
Praga Płd I 3 pokoje | Balkon | Umeblowane | 0% PROWIZJI,1368000,20026,3,68.31,https://www.otodom.pl/pl/oferta/praga-pld-i-3-pokoje-balkon-umeblowane-0-prowizji-ID4BmvW
Praga Płd I 3 pokoje | Balkon | Umeblowane | 0% PROWIZJI,930000,20993,3,44.3,https://www.otodom.pl/pl/oferta/praga-pld-i-3-pokoje-balkon-umeblowane-0-prowizji-ID4Bmvv
Praga Płd I 2 pokoje | Balkon | Umeblowane | 0% PROWIZJI,941000,20600,2,45.68,https://www.otodom.pl/pl/oferta/praga-pld-i-2-pokoje-balkon-umeblowane-0-prowizji-ID4Bmsl
Praga Płd I 2 pokoje | Balkon | Umeblowane | 0% PROWIZJI,940000,20687,2,45.44,https://www.otodom.pl/pl/oferta/praga-pld-i-2-pokoje-balkon-umeblowane-0-prowizji-ID4Bmtr
Praga Płd I 2 pokoje| Balkon | Umeblowane | 0% PROWIZJI,837500,20890,2,40.09,https://www.otodom.pl/pl/oferta/praga-pld-i-2-pokoje-balkon-umeblowane-0-prowizji-ID4BmlR
Praga Płd I 2 pokoje| Balkon | Umeblowane | 0% PROWIZJI,930000,21379,2,43.5,https://www.otodom.pl/pl/oferta/praga-pld-i-2-pokoje-balkon-umeblowane-0-prowizji-ID4Bmk9
Praga Płd I 2 pokoje | Balkon | Umeblowane | 0% PROWIZJI,815000,20903,2,38.99,https://www.otodom.pl/pl/oferta/praga-pld-i-2-pokoje-balkon-umeblowane-0-prowizji-ID4Bmh1
Praga Płd I 3 pokoje | Balkon | Umeblowane | 0% PROWIZJI,1070000,18706,3,57.2,https://www.otodom.pl/pl/oferta/praga-pld-i-3-pokoje-balkon-umeblowane-0-prowizji-ID4BmmV
Praga Płd I 2 pokoje| Balkon | Umeblowane | 0% PROWIZJI,910000,20313,2,44.8,https://www.otodom.pl/pl/oferta/praga-pld-i-2-pokoje-balkon-umeblowane-0-prowizji-ID4BmiU
OSTATNIA szansa na RABAT blisko METRA_Dni otwarte do sob_GOTOWE 5pok!,2735297,19207,5,142.41,https://www.otodom.pl/hpr/pl/oferta/ostatnia-szansa-na-rabat-blisko-metra-dni-otwarte-do-sob-gotowe-5pok-ID4ByVR
SASKA KĘPA | Jasne 2 pokoje | Balkon | Duża kuchnia | Bez prowizji,795000,15288,2,52,https://www.otodom.pl/pl/oferta/saska-kepa-jasne-2-pokoje-balkon-duza-kuchnia-bez-prowizji-ID4BHr3
Bezpośrednio sprzedam mieszkanie 37m2 T.Korsaka,470000,12703,2,37,https://www.otodom.pl/pl/oferta/bezposrednio-sprzedam-mieszkanie-37m2-t-korsaka-ID4BhW9
PORT PRASKI | 2 POKOJE | TUŻ PRZY NOWEJ KŁADCE | PRESTIŻ I INWESTYCJA,998000,25808,2,38.67,https://www.otodom.pl/pl/oferta/port-praski-2-pokoje-tuz-przy-nowej-kladce-prestiz-i-inwestycja-ID4zDFH
Praga Płd | 3 pokoje |Balkon | Wykończone| Dostępne od już|0% Prowizji,1224550,19000,3,64.45,https://www.otodom.pl/pl/oferta/praga-pld-3-pokoje-balkon-wykonczone-dostepne-od-juz-0-prowizji-ID4Bmau
3 pokoje| Balkon | Umeblowane | 0% PROWIZJI,1140000,17905,3,63.67,https://www.otodom.pl/pl/oferta/3-pokoje-balkon-umeblowane-0-prowizji-ID4zvCR
Zaraz GOTOWE 3/4 pokoje +GARAŻ/KOMÓRKA + Umów Dni Otwarte z RABATAMI,783140,12431,4,63,https://www.otodom.pl/pl/oferta/zaraz-gotowe-3-4-pokoje-garaz-komorka-umow-dni-otwarte-z-rabatami-ID4BN5k
2-pokojowe mieszkanie 51m2 + balkon,879070,17000,2,51.71,https://www.otodom.pl/pl/oferta/2-pokojowe-mieszkanie-51m2-balkon-ID4zH6v
"Apartament premium 33,48 m² | balkon | klima | parking",780000,23297,2,33.48,https://www.otodom.pl/pl/oferta/apartament-premium-33-48-m-balkon-klima-parking-ID4Bngj
3-pokojowe mieszkanie 56m2 + 2 balkony,744143,13213,3,56.32,https://www.otodom.pl/pl/oferta/3-pokojowe-mieszkanie-56m2-2-balkony-ID4zqe6
3-pokojowe mieszkanie 61m2 + loggia Bez Prowizji,820220,13385,3,61.28,https://www.otodom.pl/pl/oferta/3-pokojowe-mieszkanie-61m2-loggia-bez-prowizji-ID4umLT
2pokoje | 34m2 |Metro Arsenał| Wys Standart,799000,23500,2,34,https://www.otodom.pl/pl/oferta/2pokoje-34m2-metro-arsenal-wys-standart-ID4Bd7v
Prestiżowy Żoliborz ~29m2 w zabytkowej Kolonii XI,745000,25868,1,28.8,https://www.otodom.pl/pl/oferta/prestizowy-zoliborz-29m2-w-zabytkowej-kolonii-xi-ID4BG9Z
Zaraz GOTOWE 2 pokoje Z GARAŻEM W CENIE! + 15min CENTRUM_ DNI OTWARTE,566000,16125,2,35.1,https://www.otodom.pl/pl/oferta/zaraz-gotowe-2-pokoje-z-garazem-w-cenie-15min-centrum-dni-otwarte-ID4BN4L
Vista Wawer,N/A,N/A,N/A,N/A,https://www.otodom.pl/pl/oferta/vista-wawer-ID4ui3m
3-pokojowe mieszkanie 61m2 + balkon Bez Prowizji,883685,14381,3,61.45,https://www.otodom.pl/pl/oferta/3-pokojowe-mieszkanie-61m2-balkon-bez-prowizji-ID4ujjq
1-pokojowe mieszkanie 41m2 + balkon Bez Prowizji,673432,16314,1,41.28,https://www.otodom.pl/pl/oferta/1-pokojowe-mieszkanie-41m2-balkon-bez-prowizji-ID4ujii
2-pokojowe mieszkanie 47m2 + balkon Bezpośrednio,739843,15595,2,47.44,https://www.otodom.pl/pl/oferta/2-pokojowe-mieszkanie-47m2-balkon-bezposrednio-ID4ujiK
Conrada 30,N/A,N/A,N/A,N/A,https://www.otodom.pl/pl/oferta/conrada-30-ID4z2Ik
2-pokojowe mieszkanie 45m2 + loggia,945302,20559,2,45.98,https://www.otodom.pl/pl/oferta/2-pokojowe-mieszkanie-45m2-loggia-ID4z2IO
3-pokojowe mieszkanie 72m2 + loggia Bez Prowizji,1612800,22400,3,72,https://www.otodom.pl/pl/oferta/3-pokojowe-mieszkanie-72m2-loggia-bez-prowizji-ID4z2IY
1-pokojowe mieszkanie 36m2 + loggia Bez Prowizji,729828,19800,1,36.86,https://www.otodom.pl/pl/oferta/1-pokojowe-mieszkanie-36m2-loggia-bez-prowizji-ID4z2J6
Mokotów-M3-winda-wykończone-po remoncie-ciche,575000,18548,2,31,https://www.otodom.pl/pl/oferta/mokotow-m3-winda-wykonczone-po-remoncie-ciche-ID4zsb2
***BEZ prowizji i PCC_Rabat 5%_Ogrzewanie podłogowe_WŁASNOŚĆ gruntu !,13728,N/A,2,37.68,https://www.otodom.pl/pl/oferta/bez-prowizji-i-pcc-rabat-5-ogrzewanie-podlogowe-wlasnosc-gruntu-ID4BN47
"Gotowe do wprowadzenia, bez dodatkowych nakładów!",777000,16221,2,47.9,https://www.otodom.pl/pl/oferta/gotowe-do-wprowadzenia-bez-dodatkowych-nakladow-ID4zdg8
"Idealne pod wynajem, metro, centru, Norblin",1450000,18170,3,79.8,https://www.otodom.pl/pl/oferta/idealne-pod-wynajem-metro-centru-norblin-ID4yOEb
"Rozkładowe, metro, blisko centrum!",1299000,19047,3,68.2,https://www.otodom.pl/pl/oferta/rozkladowe-metro-blisko-centrum-ID4ADo9
"Nowoczesne 2-pokojowe mieszkanie 59,4 m² z garażem",950000,15993,2,59.4,https://www.otodom.pl/pl/oferta/nowoczesne-2-pokojowe-mieszkanie-59-4-m-z-garazem-ID4BN3X
"Mieszkanie, 39,08 m², Warszawa",1000000,25589,1,39.08,https://www.otodom.pl/pl/oferta/mieszkanie-39-08-m-warszawa-ID4BN3U
Zaraz Gotowe NAJTAŃSZE 2 pokoje + Idealne pod INWESTYCJĘ_ DNI OTWARTE,484780,15245,2,31.8,https://www.otodom.pl/pl/oferta/zaraz-gotowe-najtansze-2-pokoje-idealne-pod-inwestycje-dni-otwarte-ID4BN3L
Kawalerka przy Jeziorku Czerniakowskim,681720,19000,1,35.88,https://www.otodom.pl/pl/oferta/kawalerka-przy-jeziorku-czerniakowskim-ID4wxJD
Mieszkanie 2-pokojowe z ogródkiem,751950,15000,2,50.13,https://www.otodom.pl/pl/oferta/mieszkanie-2-pokojowe-z-ogrodkiem-ID4BjXH
Designerski apartament z tarasem | Mokotów| 2 miejsca postojowe,2800000,28343,3,98.79,https://www.otodom.pl/pl/oferta/designerski-apartament-z-tarasem-mokotow-2-miejsca-postojowe-ID4Bcjd
"Tylko jeden Lokal w takiej cenie PROMOCJA -223,9m2",3190000,14241,6,224,https://www.otodom.pl/pl/oferta/tylko-jeden-lokal-w-takiej-cenie-promocja-223-9m2-ID4q7Hp
***TYLKO teraz 5% rabatu_Własność GRUNTU_OZE_BEZ prowizji i PCC !,13728,N/A,2,37.68,https://www.otodom.pl/pl/oferta/tylko-teraz-5-rabatu-wlasnosc-gruntu-oze-bez-prowizji-i-pcc-ID4BN34
"6min do Metra,  2 min spacerem do stacji  PKP 2-pok w Promocji",578112,14946,2,38.68,https://www.otodom.pl/pl/oferta/6min-do-metra-2-min-spacerem-do-stacji-pkp-2-pok-w-promocji-ID4BN2W
ReVola,N/A,N/A,N/A,N/A,https://www.otodom.pl/pl/oferta/revola-ID4AYzv
4-pokojowy apartament 79m2 + ogródek Bez Prowizji,1987051,24916,4,79.75,https://www.otodom.pl/pl/oferta/4-pokojowy-apartament-79m2-ogrodek-bez-prowizji-ID4AYB2
3-pokojowy apartament 59m2 + loggia Bez Prowizji,1463700,24600,3,59.5,https://www.otodom.pl/pl/oferta/3-pokojowy-apartament-59m2-loggia-bez-prowizji-ID4AYzH
2-pokojowy apartament 42m2 + loggia Bezpośrednio,1231001,28755,2,42.81,https://www.otodom.pl/pl/oferta/2-pokojowy-apartament-42m2-loggia-bezposrednio-ID4AYzz
1-pokojowy apartament 29m2 + balkon,874701,29671,1,29.48,https://www.otodom.pl/pl/oferta/1-pokojowy-apartament-29m2-balkon-ID4AYzN
4 pokoje | osobna kuchnia | Panorama Warszawy | Go,849000,11961,4,70.98,https://www.otodom.pl/pl/oferta/4-pokoje-osobna-kuchnia-panorama-warszawy-go-ID4BN2R
Unikalny apartament w Śródmieściu Południowym - Plac Konstytucji 6,2449000,36772,3,66.6,https://www.otodom.pl/pl/oferta/unikalny-apartament-w-srodmiesciu-poludniowym-plac-konstytucji-6-ID4Bgfi
Praga Płd | 3 pokoje |Balkon | Wykończone| Dostępne od już|0% Prowizji,1224550,19000,3,64.45,https://www.otodom.pl/hpr/pl/oferta/praga-pld-3-pokoje-balkon-wykonczone-dostepne-od-juz-0-prowizji-ID4Bmau
